{
	"start":	{
		"connected":	[{
				"socket":	5,
				"local_host":	"192.168.100.1",
				"local_port":	55406,
				"remote_host":	"192.168.100.2",
				"remote_port":	5201
			}],
		"version":	"iperf 3.1.4",
		"system_info":	"Linux TALON-CLIENT 4.4.71 #0 SMP Thu Jun 8 21:02:37 2017 armv7l",
		"timestamp":	{
			"time":	"Fri, 24 Nov 2017 13:43:35 GMT",
			"timesecs":	1511531015
		},
		"connecting_to":	{
			"host":	"192.168.100.2",
			"port":	5201
		},
		"cookie":	"TALON-CLIENT.1511531015.161450.7a2a6",
		"tcp_mss_default":	1448,
		"test_start":	{
			"protocol":	"TCP",
			"num_streams":	1,
			"blksize":	131072,
			"omit":	0,
			"duration":	240,
			"bytes":	0,
			"blocks":	0,
			"reverse":	0
		}
	},
	"intervals":	[{
			"streams":	[{
					"socket":	5,
					"start":	0,
					"end":	10.004120,
					"seconds":	10.004120,
					"bytes":	626513400,
					"bits_per_second":	501004312.583622,
					"retransmits":	1,
					"snd_cwnd":	1909912,
					"rtt":	201574,
					"omitted":	false
				}],
			"sum":	{
				"start":	0,
				"end":	10.004120,
				"seconds":	10.004120,
				"bytes":	626513400,
				"bits_per_second":	501004312.583622,
				"retransmits":	1,
				"omitted":	false
			}
		}, {
			"streams":	[{
					"socket":	5,
					"start":	10.004120,
					"end":	20.002340,
					"seconds":	9.998220,
					"bytes":	228600816,
					"bits_per_second":	182913203.233849,
					"retransmits":	1,
					"snd_cwnd":	1909912,
					"rtt":	59828,
					"omitted":	false
				}],
			"sum":	{
				"start":	10.004120,
				"end":	20.002340,
				"seconds":	9.998220,
				"bytes":	228600816,
				"bits_per_second":	182913203.233849,
				"retransmits":	1,
				"omitted":	false
			}
		}, {
			"streams":	[{
					"socket":	5,
					"start":	20.002340,
					"end":	30.003401,
					"seconds":	10.001060,
					"bytes":	118713512,
					"bits_per_second":	94960739.148079,
					"retransmits":	0,
					"snd_cwnd":	1909912,
					"rtt":	273300,
					"omitted":	false
				}],
			"sum":	{
				"start":	20.002340,
				"end":	30.003401,
				"seconds":	10.001060,
				"bytes":	118713512,
				"bits_per_second":	94960739.148079,
				"retransmits":	0,
				"omitted":	false
			}
		}, {
			"streams":	[{
					"socket":	5,
					"start":	30.003401,
					"end":	40.003896,
					"seconds":	10.000495,
					"bytes":	123104464,
					"bits_per_second":	98478696.928254,
					"retransmits":	0,
					"snd_cwnd":	1909912,
					"rtt":	149672,
					"omitted":	false
				}],
			"sum":	{
				"start":	30.003401,
				"end":	40.003896,
				"seconds":	10.000495,
				"bytes":	123104464,
				"bits_per_second":	98478696.928254,
				"retransmits":	0,
				"omitted":	false
			}
		}, {
			"streams":	[{
					"socket":	5,
					"start":	40.003896,
					"end":	50.003117,
					"seconds":	9.999221,
					"bytes":	663649600,
					"bits_per_second":	530961049.931964,
					"retransmits":	0,
					"snd_cwnd":	1909912,
					"rtt":	339308,
					"omitted":	false
				}],
			"sum":	{
				"start":	40.003896,
				"end":	50.003117,
				"seconds":	9.999221,
				"bytes":	663649600,
				"bits_per_second":	530961049.931964,
				"retransmits":	0,
				"omitted":	false
			}
		}, {
			"streams":	[{
					"socket":	5,
					"start":	50.003117,
					"end":	60.003638,
					"seconds":	10.000521,
					"bytes":	82101600,
					"bits_per_second":	65677860.113256,
					"retransmits":	0,
					"snd_cwnd":	1909912,
					"rtt":	742784,
					"omitted":	false
				}],
			"sum":	{
				"start":	50.003117,
				"end":	60.003638,
				"seconds":	10.000521,
				"bytes":	82101600,
				"bits_per_second":	65677860.113256,
				"retransmits":	0,
				"omitted":	false
			}
		}, {
			"streams":	[{
					"socket":	5,
					"start":	60.003638,
					"end":	70.001035,
					"seconds":	9.997396,
					"bytes":	250472600,
					"bits_per_second":	200430262.637882,
					"retransmits":	2,
					"snd_cwnd":	1448,
					"rtt":	46001,
					"omitted":	false
				}],
			"sum":	{
				"start":	60.003638,
				"end":	70.001035,
				"seconds":	9.997396,
				"bytes":	250472600,
				"bits_per_second":	200430262.637882,
				"retransmits":	2,
				"omitted":	false
			}
		}, {
			"streams":	[{
					"socket":	5,
					"start":	70.001035,
					"end":	80.003504,
					"seconds":	10.002469,
					"bytes":	45234728,
					"bits_per_second":	36178849.614808,
					"retransmits":	16,
					"snd_cwnd":	1463928,
					"rtt":	18591,
					"omitted":	false
				}],
			"sum":	{
				"start":	70.001035,
				"end":	80.003504,
				"seconds":	10.002469,
				"bytes":	45234728,
				"bits_per_second":	36178849.614808,
				"retransmits":	16,
				"omitted":	false
			}
		}, {
			"streams":	[{
					"socket":	5,
					"start":	80.003504,
					"end":	90.002537,
					"seconds":	9.999033,
					"bytes":	20069280,
					"bits_per_second":	16056976.751010,
					"retransmits":	1,
					"snd_cwnd":	1801312,
					"rtt":	21567,
					"omitted":	false
				}],
			"sum":	{
				"start":	80.003504,
				"end":	90.002537,
				"seconds":	9.999033,
				"bytes":	20069280,
				"bits_per_second":	16056976.751010,
				"retransmits":	1,
				"omitted":	false
			}
		}, {
			"streams":	[{
					"socket":	5,
					"start":	90.002537,
					"end":	100.001978,
					"seconds":	9.999441,
					"bytes":	38444400,
					"bits_per_second":	30757238.877981,
					"retransmits":	1,
					"snd_cwnd":	1911360,
					"rtt":	92144,
					"omitted":	false
				}],
			"sum":	{
				"start":	90.002537,
				"end":	100.001978,
				"seconds":	9.999441,
				"bytes":	38444400,
				"bits_per_second":	30757238.877981,
				"retransmits":	1,
				"omitted":	false
			}
		}, {
			"streams":	[{
					"socket":	5,
					"start":	100.001978,
					"end":	110.001851,
					"seconds":	9.999873,
					"bytes":	65941920,
					"bits_per_second":	52754205.127396,
					"retransmits":	0,
					"snd_cwnd":	1911360,
					"rtt":	3977,
					"omitted":	false
				}],
			"sum":	{
				"start":	100.001978,
				"end":	110.001851,
				"seconds":	9.999873,
				"bytes":	65941920,
				"bits_per_second":	52754205.127396,
				"retransmits":	0,
				"omitted":	false
			}
		}, {
			"streams":	[{
					"socket":	5,
					"start":	110.001851,
					"end":	120.002237,
					"seconds":	10.000386,
					"bytes":	112010040,
					"bits_per_second":	89604571.130086,
					"retransmits":	1,
					"snd_cwnd":	1911360,
					"rtt":	9149,
					"omitted":	false
				}],
			"sum":	{
				"start":	110.001851,
				"end":	120.002237,
				"seconds":	10.000386,
				"bytes":	112010040,
				"bits_per_second":	89604571.130086,
				"retransmits":	1,
				"omitted":	false
			}
		}, {
			"streams":	[{
					"socket":	5,
					"start":	120.002237,
					"end":	130.002463,
					"seconds":	10.000226,
					"bytes":	843753488,
					"bits_per_second":	674987534.276875,
					"retransmits":	0,
					"snd_cwnd":	1911360,
					"rtt":	196609,
					"omitted":	false
				}],
			"sum":	{
				"start":	120.002237,
				"end":	130.002463,
				"seconds":	10.000226,
				"bytes":	843753488,
				"bits_per_second":	674987534.276875,
				"retransmits":	0,
				"omitted":	false
			}
		}, {
			"streams":	[{
					"socket":	5,
					"start":	130.002463,
					"end":	140.002030,
					"seconds":	9.999567,
					"bytes":	767657768,
					"bits_per_second":	614152805.259755,
					"retransmits":	0,
					"snd_cwnd":	1911360,
					"rtt":	53454,
					"omitted":	false
				}],
			"sum":	{
				"start":	130.002463,
				"end":	140.002030,
				"seconds":	9.999567,
				"bytes":	767657768,
				"bits_per_second":	614152805.259755,
				"retransmits":	0,
				"omitted":	false
			}
		}, {
			"streams":	[{
					"socket":	5,
					"start":	140.002030,
					"end":	150.002109,
					"seconds":	10.000079,
					"bytes":	148108840,
					"bits_per_second":	118486134.123381,
					"retransmits":	0,
					"snd_cwnd":	1911360,
					"rtt":	1651,
					"omitted":	false
				}],
			"sum":	{
				"start":	140.002030,
				"end":	150.002109,
				"seconds":	10.000079,
				"bytes":	148108840,
				"bits_per_second":	118486134.123381,
				"retransmits":	0,
				"omitted":	false
			}
		}, {
			"streams":	[{
					"socket":	5,
					"start":	150.002109,
					"end":	160.002139,
					"seconds":	10.000031,