{
	"start":	{
		"connected":	[{
				"socket":	5,
				"local_host":	"192.168.100.1",
				"local_port":	55410,
				"remote_host":	"192.168.100.2",
				"remote_port":	5201
			}],
		"version":	"iperf 3.1.4",
		"system_info":	"Linux TALON-CLIENT 4.4.71 #0 SMP Thu Jun 8 21:02:37 2017 armv7l",
		"timestamp":	{
			"time":	"Fri, 24 Nov 2017 13:49:53 GMT",
			"timesecs":	1511531393
		},
		"connecting_to":	{
			"host":	"192.168.100.2",
			"port":	5201
		},
		"cookie":	"TALON-CLIENT.1511531393.095049.1e19f",
		"tcp_mss_default":	1448,
		"test_start":	{
			"protocol":	"TCP",
			"num_streams":	1,
			"blksize":	131072,
			"omit":	0,
			"duration":	240,
			"bytes":	0,
			"blocks":	0,
			"reverse":	0
		}
	},
	"intervals":	[{
			"streams":	[{
					"socket":	5,
					"start":	0,
					"end":	10.003584,
					"seconds":	10.003584,
					"bytes":	1096804592,
					"bits_per_second":	877129318.514724,
					"retransmits":	0,
					"snd_cwnd":	1986656,
					"rtt":	1508,
					"omitted":	false
				}],
			"sum":	{
				"start":	0,
				"end":	10.003584,
				"seconds":	10.003584,
				"bytes":	1096804592,
				"bits_per_second":	877129318.514724,
				"retransmits":	0,
				"omitted":	false
			}
		}, {
			"streams":	[{
					"socket":	5,
					"start":	10.003584,
					"end":	20.002600,
					"seconds":	9.999016,
					"bytes":	1140237400,
					"bits_per_second":	912279705.829202,
					"retransmits":	0,
					"snd_cwnd":	1986656,
					"rtt":	1410,
					"omitted":	false
				}],
			"sum":	{
				"start":	10.003584,
				"end":	20.002600,
				"seconds":	9.999016,
				"bytes":	1140237400,
				"bits_per_second":	912279705.829202,
				"retransmits":	0,
				"omitted":	false
			}
		}, {
			"streams":	[{
					"socket":	5,
					"start":	20.002600,
					"end":	30.001647,
					"seconds":	9.999047,
					"bytes":	1718258976,
					"bits_per_second":	1.374738e+09,
					"retransmits":	16,
					"snd_cwnd":	1511712,
					"rtt":	4862,
					"omitted":	false
				}],
			"sum":	{
				"start":	20.002600,
				"end":	30.001647,
				"seconds":	9.999047,
				"bytes":	1718258976,
				"bits_per_second":	1.374738e+09,
				"retransmits":	16,
				"omitted":	false
			}
		}, {
			"streams":	[{
					"socket":	5,
					"start":	30.001647,
					"end":	40.001588,
					"seconds":	9.999941,
					"bytes":	413227496,
					"bits_per_second":	330583951.470428,
					"retransmits":	0,
					"snd_cwnd":	1946112,
					"rtt":	22357,
					"omitted":	false
				}],
			"sum":	{
				"start":	30.001647,
				"end":	40.001588,
				"seconds":	9.999941,
				"bytes":	413227496,
				"bits_per_second":	330583951.470428,
				"retransmits":	0,
				"omitted":	false
			}
		}, {
			"streams":	[{
					"socket":	5,
					"start":	40.001588,
					"end":	50.003408,
					"seconds":	10.001820,
					"bytes":	926450720,
					"bits_per_second":	741025738.171513,
					"retransmits":	0,
					"snd_cwnd":	1946112,
					"rtt":	150633,
					"omitted":	false
				}],
			"sum":	{
				"start":	40.001588,
				"end":	50.003408,
				"seconds":	10.001820,
				"bytes":	926450720,
				"bits_per_second":	741025738.171513,
				"retransmits":	0,
				"omitted":	false
			}
		}, {
			"streams":	[{
					"socket":	5,
					"start":	50.003408,
					"end":	60.001145,
					"seconds":	9.997737,
					"bytes":	99825120,
					"bits_per_second":	79878172.982926,
					"retransmits":	0,
					"snd_cwnd":	1946112,
					"rtt":	47615,
					"omitted":	false
				}],
			"sum":	{
				"start":	50.003408,
				"end":	60.001145,
				"seconds":	9.997737,
				"bytes":	99825120,
				"bits_per_second":	79878172.982926,
				"retransmits":	0,
				"omitted":	false
			}
		}, {
			"streams":	[{
					"socket":	5,
					"start":	60.001145,
					"end":	70.000813,
					"seconds":	9.999668,
					"bytes":	866465120,
					"bits_per_second":	693195101.666292,
					"retransmits":	0,
					"snd_cwnd":	1946112,
					"rtt":	6487,
					"omitted":	false
				}],
			"sum":	{
				"start":	60.001145,
				"end":	70.000813,
				"seconds":	9.999668,
				"bytes":	866465120,
				"bits_per_second":	693195101.666292,
				"retransmits":	0,
				"omitted":	false
			}
		}, {
			"streams":	[{
					"socket":	5,
					"start":	70.000813,
					"end":	80.003901,
					"seconds":	10.003088,
					"bytes":	732569856,
					"bits_per_second":	585874966.760452,
					"retransmits":	0,
					"snd_cwnd":	1946112,
					"rtt":	177133,
					"omitted":	false
				}],
			"sum":	{
				"start":	70.000813,
				"end":	80.003901,
				"seconds":	10.003088,
				"bytes":	732569856,
				"bits_per_second":	585874966.760452,
				"retransmits":	0,
				"omitted":	false
			}
		}, {
			"streams":	[{
					"socket":	5,
					"start":	80.003901,
					"end":	90.002826,
					"seconds":	9.998925,
					"bytes":	1230338864,
					"bits_per_second":	984376891.137850,
					"retransmits":	0,
					"snd_cwnd":	1946112,
					"rtt":	36014,
					"omitted":	false
				}],
			"sum":	{
				"start":	80.003901,
				"end":	90.002826,
				"seconds":	9.998925,
				"bytes":	1230338864,
				"bits_per_second":	984376891.137850,
				"retransmits":	0,
				"omitted":	false
			}
		}, {
			"streams":	[{
					"socket":	5,
					"start":	90.002826,
					"end":	100.001980,
					"seconds":	9.999154,
					"bytes":	788342704,
					"bits_per_second":	630727517.015803,
					"retransmits":	17,
					"snd_cwnd":	1642032,
					"rtt":	45859,
					"omitted":	false
				}],
			"sum":	{
				"start":	90.002826,
				"end":	100.001980,
				"seconds":	9.999154,
				"bytes":	788342704,
				"bits_per_second":	630727517.015803,
				"retransmits":	17,
				"omitted":	false
			}
		}, {
			"streams":	[{
					"socket":	5,
					"start":	100.001980,
					"end":	110.003841,
					"seconds":	10.001862,
					"bytes":	427058640,
					"bits_per_second":	341583323.795802,
					"retransmits":	16,
					"snd_cwnd":	1595696,
					"rtt":	75177,
					"omitted":	false
				}],
			"sum":	{
				"start":	100.001980,
				"end":	110.003841,
				"seconds":	10.001862,
				"bytes":	427058640,
				"bits_per_second":	341583323.795802,
				"retransmits":	16,
				"omitted":	false
			}
		}, {
			"streams":	[{
					"socket":	5,
					"start":	110.003841,
					"end":	120.001578,
					"seconds":	9.997737,
					"bytes":	1154703008,
					"bits_per_second":	923971507.541681,
					"retransmits":	0,
					"snd_cwnd":	1941768,
					"rtt":	3428,
					"omitted":	false
				}],
			"sum":	{
				"start":	110.003841,
				"end":	120.001578,
				"seconds":	9.997737,
				"bytes":	1154703008,
				"bits_per_second":	923971507.541681,
				"retransmits":	0,
				"omitted":	false
			}
		}, {
			"streams":	[{
					"socket":	5,
					"start":	120.001578,
					"end":	130.001334,
					"seconds":	9.999756,
					"bytes":	1190236800,
					"bits_per_second":	952212687.380063,
					"retransmits":	0,
					"snd_cwnd":	1941768,
					"rtt":	67104,
					"omitted":	false
				}],
			"sum":	{
				"start":	120.001578,
				"end":	130.001334,
				"seconds":	9.999756,
				"bytes":	1190236800,
				"bits_per_second":	952212687.380063,
				"retransmits":	0,
				"omitted":	false
			}
		}, {
			"streams":	[{
					"socket":	5,
					"start":	130.001334,
					"end":	140.001984,
					"seconds":	10.000650,
					"bytes":	564090120,
					"bits_per_second":	451242746.906240,
					"retransmits":	0,
					"snd_cwnd":	1941768,
					"rtt":	120322,
					"omitted":	false
				}],
			"sum":	{
				"start":	130.001334,
				"end":	140.001984,
				"seconds":	10.000650,
				"bytes":	564090120,
				"bits_per_second":	451242746.906240,
				"retransmits":	0,
				"omitted":	false
			}
		}, {
			"streams":	[{
					"socket":	5,
					"start":	140.001984,
					"end":	150.003070,
					"seconds":	10.001086,
					"bytes":	1827985536,
					"bits_per_second":	1.462230e+09,
					"retransmits":	0,
					"snd_cwnd":	1941768,
					"rtt":	96917,
					"omitted":	false
				}],
			"sum":	{
				"start":	140.001984,
				"end":	150.003070,
				"seconds":	10.001086,
				"bytes":	1827985536,
				"bits_per_second":	1.462230e+09,
				"retransmits":	0,
				"omitted":	false
			}
		}, {
			"streams":	[{
					"socket":	5,
					"start":	150.003070,
					"end":	160.002652,
					"seconds":	9.999582,