{
	"start":	{
		"connected":	[{
				"socket":	5,
				"local_host":	"192.168.100.1",
				"local_port":	36726,
				"remote_host":	"192.168.100.2",
				"remote_port":	5201
			}],
		"version":	"iperf 3.1.4",
		"system_info":	"Linux TALON-CLIENT 4.4.71 #0 SMP Thu Jun 8 21:02:37 2017 armv7l",
		"timestamp":	{
			"time":	"Fri, 24 Nov 2017 14:16:21 GMT",
			"timesecs":	1511532981
		},
		"connecting_to":	{
			"host":	"192.168.100.2",
			"port":	5201
		},
		"cookie":	"TALON-CLIENT.1511532980.881272.3d541",
		"tcp_mss_default":	1448,
		"test_start":	{
			"protocol":	"TCP",
			"num_streams":	1,
			"blksize":	131072,
			"omit":	0,
			"duration":	240,
			"bytes":	0,
			"blocks":	0,
			"reverse":	0
		}
	},
	"intervals":	[{
			"streams":	[{
					"socket":	5,
					"start":	0,
					"end":	10.000965,
					"seconds":	10.000965,
					"bytes":	1474320296,
					"bits_per_second":	1.179342e+09,
					"retransmits":	21,
					"snd_cwnd":	1448000,
					"rtt":	1330,
					"omitted":	false
				}],
			"sum":	{
				"start":	0,
				"end":	10.000965,
				"seconds":	10.000965,
				"bytes":	1474320296,
				"bits_per_second":	1.179342e+09,
				"retransmits":	21,
				"omitted":	false
			}
		}, {
			"streams":	[{
					"socket":	5,
					"start":	10.000965,
					"end":	20.002562,
					"seconds":	10.001596,
					"bytes":	2068273776,
					"bits_per_second":	1.654355e+09,
					"retransmits":	30,
					"snd_cwnd":	1100480,
					"rtt":	1688,
					"omitted":	false
				}],
			"sum":	{
				"start":	10.000965,
				"end":	20.002562,
				"seconds":	10.001596,
				"bytes":	2068273776,
				"bits_per_second":	1.654355e+09,
				"retransmits":	30,
				"omitted":	false
			}
		}, {
			"streams":	[{
					"socket":	5,
					"start":	20.002562,
					"end":	30.001123,
					"seconds":	9.998561,
					"bytes":	2159182648,
					"bits_per_second":	1.727595e+09,
					"retransmits":	2,
					"snd_cwnd":	1088896,
					"rtt":	4297,
					"omitted":	false
				}],
			"sum":	{
				"start":	20.002562,
				"end":	30.001123,
				"seconds":	9.998561,
				"bytes":	2159182648,
				"bits_per_second":	1.727595e+09,
				"retransmits":	2,
				"omitted":	false
			}
		}, {
			"streams":	[{
					"socket":	5,
					"start":	30.001123,
					"end":	40.000322,
					"seconds":	9.999199,
					"bytes":	2310740960,
					"bits_per_second":	1.848741e+09,
					"retransmits":	0,
					"snd_cwnd":	1332160,
					"rtt":	1291,
					"omitted":	false
				}],
			"sum":	{
				"start":	30.001123,
				"end":	40.000322,
				"seconds":	9.999199,
				"bytes":	2310740960,
				"bits_per_second":	1.848741e+09,
				"retransmits":	0,
				"omitted":	false
			}
		}, {
			"streams":	[{
					"socket":	5,
					"start":	40.000322,
					"end":	50.001485,
					"seconds":	10.001163,
					"bytes":	2363095680,
					"bits_per_second":	1.890257e+09,
					"retransmits":	21,
					"snd_cwnd":	1135232,
					"rtt":	1404,
					"omitted":	false
				}],
			"sum":	{
				"start":	40.000322,
				"end":	50.001485,
				"seconds":	10.001163,
				"bytes":	2363095680,
				"bits_per_second":	1.890257e+09,
				"retransmits":	21,
				"omitted":	false
			}
		}, {
			"streams":	[{
					"socket":	5,
					"start":	50.001485,
					"end":	60.000255,
					"seconds":	9.998770,
					"bytes":	2310693640,
					"bits_per_second":	1.848782e+09,
					"retransmits":	6,
					"snd_cwnd":	1161296,
					"rtt":	2937,
					"omitted":	false
				}],
			"sum":	{
				"start":	50.001485,
				"end":	60.000255,
				"seconds":	9.998770,
				"bytes":	2310693640,
				"bits_per_second":	1.848782e+09,
				"retransmits":	6,
				"omitted":	false
			}
		}, {
			"streams":	[{
					"socket":	5,
					"start":	60.000255,
					"end":	70.000701,
					"seconds":	10.000446,
					"bytes":	2315893184,
					"bits_per_second":	1.852632e+09,
					"retransmits":	0,
					"snd_cwnd":	1576872,
					"rtt":	2084,
					"omitted":	false
				}],
			"sum":	{
				"start":	60.000255,
				"end":	70.000701,
				"seconds":	10.000446,
				"bytes":	2315893184,
				"bits_per_second":	1.852632e+09,
				"retransmits":	0,
				"omitted":	false
			}
		}, {
			"streams":	[{
					"socket":	5,
					"start":	70.000701,
					"end":	80.001464,
					"seconds":	10.000763,
					"bytes":	2239549120,
					"bits_per_second":	1.791503e+09,
					"retransmits":	33,
					"snd_cwnd":	1172880,
					"rtt":	1436,
					"omitted":	false
				}],
			"sum":	{
				"start":	70.000701,
				"end":	80.001464,
				"seconds":	10.000763,
				"bytes":	2239549120,
				"bits_per_second":	1.791503e+09,
				"retransmits":	33,
				"omitted":	false
			}
		}, {
			"streams":	[{
					"socket":	5,
					"start":	80.001464,
					"end":	90.002004,
					"seconds":	10.000540,
					"bytes":	2227792712,
					"bits_per_second":	1.782138e+09,
					"retransmits":	16,
					"snd_cwnd":	1253968,
					"rtt":	30222,
					"omitted":	false
				}],
			"sum":	{
				"start":	80.001464,
				"end":	90.002004,
				"seconds":	10.000540,
				"bytes":	2227792712,
				"bits_per_second":	1.782138e+09,
				"retransmits":	16,
				"omitted":	false
			}
		}, {
			"streams":	[{
					"socket":	5,
					"start":	90.002004,
					"end":	100.002425,
					"seconds":	10.000422,
					"bytes":	2277732960,
					"bits_per_second":	1.822110e+09,
					"retransmits":	16,
					"snd_cwnd":	1154056,
					"rtt":	1553,
					"omitted":	false
				}],
			"sum":	{
				"start":	90.002004,
				"end":	100.002425,
				"seconds":	10.000422,
				"bytes":	2277732960,
				"bits_per_second":	1.822110e+09,
				"retransmits":	16,
				"omitted":	false
			}
		}, {
			"streams":	[{
					"socket":	5,
					"start":	100.002425,
					"end":	110.002315,
					"seconds":	9.999889,
					"bytes":	2163768120,
					"bits_per_second":	1.731034e+09,
					"retransmits":	16,
					"snd_cwnd":	1196048,
					"rtt":	1231,
					"omitted":	false
				}],
			"sum":	{
				"start":	100.002425,
				"end":	110.002315,
				"seconds":	9.999889,
				"bytes":	2163768120,
				"bits_per_second":	1.731034e+09,
				"retransmits":	16,
				"omitted":	false
			}
		}, {
			"streams":	[{
					"socket":	5,
					"start":	110.002315,
					"end":	120.001901,
					"seconds":	9.999586,
					"bytes":	2221647280,
					"bits_per_second":	1.777391e+09,
					"retransmits":	0,
					"snd_cwnd":	1634792,
					"rtt":	1337,
					"omitted":	false
				}],
			"sum":	{
				"start":	110.002315,
				"end":	120.001901,
				"seconds":	9.999586,
				"bytes":	2221647280,
				"bits_per_second":	1.777391e+09,
				"retransmits":	0,
				"omitted":	false
			}
		}, {
			"streams":	[{
					"socket":	5,
					"start":	120.001901,
					"end":	130.000420,
					"seconds":	9.998519,
					"bytes":	2351359128,
					"bits_per_second":	1.881366e+09,
					"retransmits":	32,
					"snd_cwnd":	1308992,
					"rtt":	2344,
					"omitted":	false
				}],
			"sum":	{
				"start":	120.001901,
				"end":	130.000420,
				"seconds":	9.998519,
				"bytes":	2351359128,
				"bits_per_second":	1.881366e+09,
				"retransmits":	32,
				"omitted":	false
			}
		}, {
			"streams":	[{
					"socket":	5,
					"start":	130.000420,
					"end":	140.003532,
					"seconds":	10.003112,
					"bytes":	2207197400,
					"bits_per_second":	1.765209e+09,
					"retransmits":	32,
					"snd_cwnd":	1051248,
					"rtt":	1563,
					"omitted":	false
				}],
			"sum":	{
				"start":	130.000420,
				"end":	140.003532,
				"seconds":	10.003112,
				"bytes":	2207197400,
				"bits_per_second":	1.765209e+09,
				"retransmits":	32,
				"omitted":	false
			}
		}, {
			"streams":	[{
					"socket":	5,
					"start":	140.003532,
					"end":	150.002552,
					"seconds":	9.999020,
					"bytes":	2212374880,
					"bits_per_second":	1.770073e+09,
					"retransmits":	0,
					"snd_cwnd":	1201840,
					"rtt":	1358,
					"omitted":	false
				}],
			"sum":	{
				"start":	140.003532,
				"end":	150.002552,
				"seconds":	9.999020,
				"bytes":	2212374880,
				"bits_per_second":	1.770073e+09,
				"retransmits":	0,
				"omitted":	false
			}
		}, {
			"streams":	[{
					"socket":	5,
					"start":	150.002552,
					"end":	160.002124,
					"seconds":	9.999572,
					"bytes":	2402374160,
					"bits_per_second":	1.921982e+09,