{
	"start":	{
		"connected":	[{
				"socket":	5,
				"local_host":	"192.168.100.1",
				"local_port":	36734,
				"remote_host":	"192.168.100.2",
				"remote_port":	5201
			}],
		"version":	"iperf 3.1.4",
		"system_info":	"Linux TALON-CLIENT 4.4.71 #0 SMP Thu Jun 8 21:02:37 2017 armv7l",
		"timestamp":	{
			"time":	"Fri, 24 Nov 2017 14:24:05 GMT",
			"timesecs":	1511533445
		},
		"connecting_to":	{
			"host":	"192.168.100.2",
			"port":	5201
		},
		"cookie":	"TALON-CLIENT.1511533445.184446.75163",
		"tcp_mss_default":	1448,
		"test_start":	{
			"protocol":	"TCP",
			"num_streams":	1,
			"blksize":	131072,
			"omit":	0,
			"duration":	240,
			"bytes":	0,
			"blocks":	0,
			"reverse":	0
		}
	},
	"intervals":	[{
			"streams":	[{
					"socket":	5,
					"start":	0,
					"end":	10.002578,
					"seconds":	10.002578,
					"bytes":	1689533640,
					"bits_per_second":	1.351279e+09,
					"retransmits":	19,
					"snd_cwnd":	1500128,
					"rtt":	6035,
					"omitted":	false
				}],
			"sum":	{
				"start":	0,
				"end":	10.002578,
				"seconds":	10.002578,
				"bytes":	1689533640,
				"bits_per_second":	1.351279e+09,
				"retransmits":	19,
				"omitted":	false
			}
		}, {
			"streams":	[{
					"socket":	5,
					"start":	10.002578,
					"end":	20.001529,
					"seconds":	9.998951,
					"bytes":	1733777280,
					"bits_per_second":	1.387167e+09,
					"retransmits":	6,
					"snd_cwnd":	1288720,
					"rtt":	4172,
					"omitted":	false
				}],
			"sum":	{
				"start":	10.002578,
				"end":	20.001529,
				"seconds":	9.998951,
				"bytes":	1733777280,
				"bits_per_second":	1.387167e+09,
				"retransmits":	6,
				"omitted":	false
			}
		}, {
			"streams":	[{
					"socket":	5,
					"start":	20.001529,
					"end":	30.001193,
					"seconds":	9.999664,
					"bytes":	1877202976,
					"bits_per_second":	1.501813e+09,
					"retransmits":	16,
					"snd_cwnd":	1421936,
					"rtt":	4685,
					"omitted":	false
				}],
			"sum":	{
				"start":	20.001529,
				"end":	30.001193,
				"seconds":	9.999664,
				"bytes":	1877202976,
				"bits_per_second":	1.501813e+09,
				"retransmits":	16,
				"omitted":	false
			}
		}, {
			"streams":	[{
					"socket":	5,
					"start":	30.001193,
					"end":	40.003289,
					"seconds":	10.002096,
					"bytes":	2224221800,
					"bits_per_second":	1.779005e+09,
					"retransmits":	20,
					"snd_cwnd":	1269896,
					"rtt":	1520,
					"omitted":	false
				}],
			"sum":	{
				"start":	30.001193,
				"end":	40.003289,
				"seconds":	10.002096,
				"bytes":	2224221800,
				"bits_per_second":	1.779005e+09,
				"retransmits":	20,
				"omitted":	false
			}
		}, {
			"streams":	[{
					"socket":	5,
					"start":	40.003289,
					"end":	50.001519,
					"seconds":	9.998230,
					"bytes":	2024553512,
					"bits_per_second":	1.619930e+09,
					"retransmits":	7,
					"snd_cwnd":	1320576,
					"rtt":	4854,
					"omitted":	false
				}],
			"sum":	{
				"start":	40.003289,
				"end":	50.001519,
				"seconds":	9.998230,
				"bytes":	2024553512,
				"bits_per_second":	1.619930e+09,
				"retransmits":	7,
				"omitted":	false
			}
		}, {
			"streams":	[{
					"socket":	5,
					"start":	50.001519,
					"end":	60.004398,
					"seconds":	10.002879,
					"bytes":	2281809976,
					"bits_per_second":	1.824923e+09,
					"retransmits":	0,
					"snd_cwnd":	1566736,
					"rtt":	1864,
					"omitted":	false
				}],
			"sum":	{
				"start":	50.001519,
				"end":	60.004398,
				"seconds":	10.002879,
				"bytes":	2281809976,
				"bits_per_second":	1.824923e+09,
				"retransmits":	0,
				"omitted":	false
			}
		}, {
			"streams":	[{
					"socket":	5,
					"start":	60.004398,
					"end":	70.002742,
					"seconds":	9.998344,
					"bytes":	2270036880,
					"bits_per_second":	1.816330e+09,
					"retransmits":	28,
					"snd_cwnd":	1133784,
					"rtt":	3821,
					"omitted":	false
				}],
			"sum":	{
				"start":	60.004398,
				"end":	70.002742,
				"seconds":	9.998344,
				"bytes":	2270036880,
				"bits_per_second":	1.816330e+09,
				"retransmits":	28,
				"omitted":	false
			}
		}, {
			"streams":	[{
					"socket":	5,
					"start":	70.002742,
					"end":	80.002131,
					"seconds":	9.999389,
					"bytes":	2255673536,
					"bits_per_second":	1.804649e+09,
					"retransmits":	8,
					"snd_cwnd":	1206184,
					"rtt":	1515,
					"omitted":	false
				}],
			"sum":	{
				"start":	70.002742,
				"end":	80.002131,
				"seconds":	9.999389,
				"bytes":	2255673536,
				"bits_per_second":	1.804649e+09,
				"retransmits":	8,
				"omitted":	false
			}
		}, {
			"streams":	[{
					"socket":	5,
					"start":	80.002131,
					"end":	90.002577,
					"seconds":	10.000446,
					"bytes":	2294589080,
					"bits_per_second":	1.835589e+09,
					"retransmits":	16,
					"snd_cwnd":	1045456,
					"rtt":	2240,
					"omitted":	false
				}],
			"sum":	{
				"start":	80.002131,
				"end":	90.002577,
				"seconds":	10.000446,
				"bytes":	2294589080,
				"bits_per_second":	1.835589e+09,
				"retransmits":	16,
				"omitted":	false
			}
		}, {
			"streams":	[{
					"socket":	5,
					"start":	90.002577,
					"end":	100.000734,
					"seconds":	9.998158,
					"bytes":	2185081840,
					"bits_per_second":	1.748388e+09,
					"retransmits":	0,
					"snd_cwnd":	1332160,
					"rtt":	3608,
					"omitted":	false
				}],
			"sum":	{
				"start":	90.002577,
				"end":	100.000734,
				"seconds":	9.998158,
				"bytes":	2185081840,
				"bits_per_second":	1.748388e+09,
				"retransmits":	0,
				"omitted":	false
			}
		}, {
			"streams":	[{
					"socket":	5,
					"start":	100.000734,
					"end":	110.002586,
					"seconds":	10.001852,
					"bytes":	2213721000,
					"bits_per_second":	1.770649e+09,
					"retransmits":	13,
					"snd_cwnd":	1488544,
					"rtt":	1845,
					"omitted":	false
				}],
			"sum":	{
				"start":	100.000734,
				"end":	110.002586,
				"seconds":	10.001852,
				"bytes":	2213721000,
				"bits_per_second":	1.770649e+09,
				"retransmits":	13,
				"omitted":	false
			}
		}, {
			"streams":	[{
					"socket":	5,
					"start":	110.002586,
					"end":	120.002103,
					"seconds":	9.999517,
					"bytes":	2415522800,
					"bits_per_second":	1.932511e+09,
					"retransmits":	16,
					"snd_cwnd":	1242384,
					"rtt":	2467,
					"omitted":	false
				}],
			"sum":	{
				"start":	110.002586,
				"end":	120.002103,
				"seconds":	9.999517,
				"bytes":	2415522800,
				"bits_per_second":	1.932511e+09,
				"retransmits":	16,
				"omitted":	false
			}
		}, {
			"streams":	[{
					"socket":	5,
					"start":	120.002103,
					"end":	130.002358,
					"seconds":	10.000256,
					"bytes":	2241215680,
					"bits_per_second":	1.792927e+09,
					"retransmits":	23,
					"snd_cwnd":	1007808,
					"rtt":	4381,
					"omitted":	false
				}],
			"sum":	{
				"start":	120.002103,
				"end":	130.002358,
				"seconds":	10.000256,
				"bytes":	2241215680,
				"bits_per_second":	1.792927e+09,
				"retransmits":	23,
				"omitted":	false
			}
		}, {
			"streams":	[{
					"socket":	5,
					"start":	130.002358,
					"end":	140.003188,
					"seconds":	10.000830,
					"bytes":	2326349840,
					"bits_per_second":	1.860925e+09,
					"retransmits":	0,
					"snd_cwnd":	1227904,
					"rtt":	2773,
					"omitted":	false
				}],
			"sum":	{
				"start":	130.002358,
				"end":	140.003188,
				"seconds":	10.000830,
				"bytes":	2326349840,
				"bits_per_second":	1.860925e+09,
				"retransmits":	0,
				"omitted":	false
			}
		}, {
			"streams":	[{
					"socket":	5,
					"start":	140.003188,
					"end":	150.002248,
					"seconds":	9.999060,
					"bytes":	2330419960,
					"bits_per_second":	1.864511e+09,
					"retransmits":	21,
					"snd_cwnd":	1304648,
					"rtt":	1350,
					"omitted":	false
				}],
			"sum":	{
				"start":	140.003188,
				"end":	150.002248,
				"seconds":	9.999060,
				"bytes":	2330419960,
				"bits_per_second":	1.864511e+09,
				"retransmits":	21,
				"omitted":	false
			}
		}, {
			"streams":	[{
					"socket":	5,
					"start":	150.002248,
					"end":	160.002759,
					"seconds":	10.000511,
					"bytes":	2233295280,
					"bits_per_second":	1.786545e+09,