{
	"start":	{
		"connected":	[{
				"socket":	5,
				"local_host":	"192.168.100.1",
				"local_port":	36738,
				"remote_host":	"192.168.100.2",
				"remote_port":	5201
			}],
		"version":	"iperf 3.1.4",
		"system_info":	"Linux TALON-CLIENT 4.4.71 #0 SMP Thu Jun 8 21:02:37 2017 armv7l",
		"timestamp":	{
			"time":	"Fri, 24 Nov 2017 14:29:13 GMT",
			"timesecs":	1511533753
		},
		"connecting_to":	{
			"host":	"192.168.100.2",
			"port":	5201
		},
		"cookie":	"TALON-CLIENT.1511533752.632938.74b2a",
		"tcp_mss_default":	1448,
		"test_start":	{
			"protocol":	"TCP",
			"num_streams":	1,
			"blksize":	131072,
			"omit":	0,
			"duration":	240,
			"bytes":	0,
			"blocks":	0,
			"reverse":	0
		}
	},
	"intervals":	[{
			"streams":	[{
					"socket":	5,
					"start":	0,
					"end":	10.000418,
					"seconds":	10.000418,
					"bytes":	1802865304,
					"bits_per_second":	1.442232e+09,
					"retransmits":	37,
					"snd_cwnd":	1322024,
					"rtt":	1671,
					"omitted":	false
				}],
			"sum":	{
				"start":	0,
				"end":	10.000418,
				"seconds":	10.000418,
				"bytes":	1802865304,
				"bits_per_second":	1.442232e+09,
				"retransmits":	37,
				"omitted":	false
			}
		}, {
			"streams":	[{
					"socket":	5,
					"start":	10.000418,
					"end":	20.000722,
					"seconds":	10.000304,
					"bytes":	1908336240,
					"bits_per_second":	1.526623e+09,
					"retransmits":	20,
					"snd_cwnd":	1132336,
					"rtt":	2026,
					"omitted":	false
				}],
			"sum":	{
				"start":	10.000418,
				"end":	20.000722,
				"seconds":	10.000304,
				"bytes":	1908336240,
				"bits_per_second":	1.526623e+09,
				"retransmits":	20,
				"omitted":	false
			}
		}, {
			"streams":	[{
					"socket":	5,
					"start":	20.000722,
					"end":	30.001367,
					"seconds":	10.000645,
					"bytes":	1964267760,
					"bits_per_second":	1.571313e+09,
					"retransmits":	16,
					"snd_cwnd":	1485648,
					"rtt":	1699,
					"omitted":	false
				}],
			"sum":	{
				"start":	20.000722,
				"end":	30.001367,
				"seconds":	10.000645,
				"bytes":	1964267760,
				"bits_per_second":	1.571313e+09,
				"retransmits":	16,
				"omitted":	false
			}
		}, {
			"streams":	[{
					"socket":	5,
					"start":	30.001367,
					"end":	40.002026,
					"seconds":	10.000659,
					"bytes":	1924068416,
					"bits_per_second":	1.539153e+09,
					"retransmits":	27,
					"snd_cwnd":	1088896,
					"rtt":	4668,
					"omitted":	false
				}],
			"sum":	{
				"start":	30.001367,
				"end":	40.002026,
				"seconds":	10.000659,
				"bytes":	1924068416,
				"bits_per_second":	1.539153e+09,
				"retransmits":	27,
				"omitted":	false
			}
		}, {
			"streams":	[{
					"socket":	5,
					"start":	40.002026,
					"end":	50.001810,
					"seconds":	9.999784,
					"bytes":	1841087920,
					"bits_per_second":	1.472902e+09,
					"retransmits":	0,
					"snd_cwnd":	1240936,
					"rtt":	3234,
					"omitted":	false
				}],
			"sum":	{
				"start":	40.002026,
				"end":	50.001810,
				"seconds":	9.999784,
				"bytes":	1841087920,
				"bits_per_second":	1.472902e+09,
				"retransmits":	0,
				"omitted":	false
			}
		}, {
			"streams":	[{
					"socket":	5,
					"start":	50.001810,
					"end":	60.001165,
					"seconds":	9.999355,
					"bytes":	1709071680,
					"bits_per_second":	1.367345e+09,
					"retransmits":	16,
					"snd_cwnd":	1445104,
					"rtt":	1725,
					"omitted":	false
				}],
			"sum":	{
				"start":	50.001810,
				"end":	60.001165,
				"seconds":	9.999355,
				"bytes":	1709071680,
				"bits_per_second":	1.367345e+09,
				"retransmits":	16,
				"omitted":	false
			}
		}, {
			"streams":	[{
					"socket":	5,
					"start":	60.001165,
					"end":	70.000892,
					"seconds":	9.999727,
					"bytes":	1594949280,
					"bits_per_second":	1.275994e+09,
					"retransmits":	15,
					"snd_cwnd":	1243832,
					"rtt":	1556,
					"omitted":	false
				}],
			"sum":	{
				"start":	60.001165,
				"end":	70.000892,
				"seconds":	9.999727,
				"bytes":	1594949280,
				"bits_per_second":	1.275994e+09,
				"retransmits":	15,
				"omitted":	false
			}
		}, {
			"streams":	[{
					"socket":	5,
					"start":	70.000892,
					"end":	80.002140,
					"seconds":	10.001248,
					"bytes":	1679937120,
					"bits_per_second":	1.343782e+09,
					"retransmits":	11,
					"snd_cwnd":	1420488,
					"rtt":	1613,
					"omitted":	false
				}],
			"sum":	{
				"start":	70.000892,
				"end":	80.002140,
				"seconds":	10.001248,
				"bytes":	1679937120,
				"bits_per_second":	1.343782e+09,
				"retransmits":	11,
				"omitted":	false
			}
		}, {
			"streams":	[{
					"socket":	5,
					"start":	80.002140,
					"end":	90.002573,
					"seconds":	10.000433,
					"bytes":	1772026520,
					"bits_per_second":	1.417560e+09,
					"retransmits":	10,
					"snd_cwnd":	1267000,
					"rtt":	1233,
					"omitted":	false
				}],
			"sum":	{
				"start":	80.002140,
				"end":	90.002573,
				"seconds":	10.000433,
				"bytes":	1772026520,
				"bits_per_second":	1.417560e+09,
				"retransmits":	10,
				"omitted":	false
			}
		}, {
			"streams":	[{
					"socket":	5,
					"start":	90.002573,
					"end":	100.001906,
					"seconds":	9.999332,
					"bytes":	1790416120,
					"bits_per_second":	1.432429e+09,
					"retransmits":	16,
					"snd_cwnd":	1392976,
					"rtt":	1469,
					"omitted":	false
				}],
			"sum":	{
				"start":	90.002573,
				"end":	100.001906,
				"seconds":	9.999332,
				"bytes":	1790416120,
				"bits_per_second":	1.432429e+09,
				"retransmits":	16,
				"omitted":	false
			}
		}, {
			"streams":	[{
					"socket":	5,
					"start":	100.001906,
					"end":	110.002194,
					"seconds":	10.000288,
					"bytes":	1741812120,
					"bits_per_second":	1.393410e+09,
					"retransmits":	18,
					"snd_cwnd":	1032424,
					"rtt":	1371,
					"omitted":	false
				}],
			"sum":	{
				"start":	100.001906,
				"end":	110.002194,
				"seconds":	10.000288,
				"bytes":	1741812120,
				"bits_per_second":	1.393410e+09,
				"retransmits":	18,
				"omitted":	false
			}
		}, {
			"streams":	[{
					"socket":	5,
					"start":	110.002194,
					"end":	120.002550,
					"seconds":	10.000357,
					"bytes":	1782286200,
					"bits_per_second":	1.425778e+09,
					"retransmits":	14,
					"snd_cwnd":	1002016,
					"rtt":	1420,
					"omitted":	false
				}],
			"sum":	{
				"start":	110.002194,
				"end":	120.002550,
				"seconds":	10.000357,
				"bytes":	1782286200,
				"bits_per_second":	1.425778e+09,
				"retransmits":	14,
				"omitted":	false
			}
		}, {
			"streams":	[{
					"socket":	5,
					"start":	120.002550,
					"end":	130.001522,
					"seconds":	9.998972,
					"bytes":	1695844240,
					"bits_per_second":	1.356815e+09,
					"retransmits":	0,
					"snd_cwnd":	1358224,
					"rtt":	1625,
					"omitted":	false
				}],
			"sum":	{
				"start":	120.002550,
				"end":	130.001522,
				"seconds":	9.998972,
				"bytes":	1695844240,
				"bits_per_second":	1.356815e+09,
				"retransmits":	0,
				"omitted":	false
			}
		}, {
			"streams":	[{
					"socket":	5,
					"start":	130.001522,
					"end":	140.003364,
					"seconds":	10.001842,
					"bytes":	1760097240,
					"bits_per_second":	1.407818e+09,
					"retransmits":	10,
					"snd_cwnd":	1093240,
					"rtt":	1466,
					"omitted":	false
				}],
			"sum":	{
				"start":	130.001522,
				"end":	140.003364,
				"seconds":	10.001842,
				"bytes":	1760097240,
				"bits_per_second":	1.407818e+09,
				"retransmits":	10,
				"omitted":	false
			}
		}, {
			"streams":	[{
					"socket":	5,
					"start":	140.003364,
					"end":	150.000634,
					"seconds":	9.997270,
					"bytes":	1901790120,
					"bits_per_second":	1.521848e+09,
					"retransmits":	4,
					"snd_cwnd":	1078760,
					"rtt":	2081,
					"omitted":	false
				}],
			"sum":	{
				"start":	140.003364,
				"end":	150.000634,
				"seconds":	9.997270,
				"bytes":	1901790120,
				"bits_per_second":	1.521848e+09,
				"retransmits":	4,
				"omitted":	false
			}
		}, {
			"streams":	[{
					"socket":	5,
					"start":	150.000634,
					"end":	160.000361,
					"seconds":	9.999727,
					"bytes":	1824502920,
					"bits_per_second":	1.459642e+09,