{
	"start":	{
		"connected":	[{
				"socket":	5,
				"local_host":	"192.168.100.1",
				"local_port":	58380,
				"remote_host":	"192.168.100.2",
				"remote_port":	5201
			}],
		"version":	"iperf 3.1.4",
		"system_info":	"Linux TALON-CLIENT 4.4.71 #0 SMP Thu Jun 8 21:02:37 2017 armv7l",
		"timestamp":	{
			"time":	"Thu, 30 Nov 2017 09:57:42 GMT",
			"timesecs":	1512035862
		},
		"connecting_to":	{
			"host":	"192.168.100.2",
			"port":	5201
		},
		"cookie":	"TALON-CLIENT.1512035862.371995.76b28",
		"tcp_mss_default":	1448,
		"test_start":	{
			"protocol":	"TCP",
			"num_streams":	1,
			"blksize":	131072,
			"omit":	0,
			"duration":	240,
			"bytes":	0,
			"blocks":	0,
			"reverse":	0
		}
	},
	"intervals":	[{
			"streams":	[{
					"socket":	5,
					"start":	0,
					"end":	10.000595,
					"seconds":	10.000595,
					"bytes":	1949642000,
					"bits_per_second":	1.559621e+09,
					"retransmits":	32,
					"snd_cwnd":	1452344,
					"rtt":	3075,
					"omitted":	false
				}],
			"sum":	{
				"start":	0,
				"end":	10.000595,
				"seconds":	10.000595,
				"bytes":	1949642000,
				"bits_per_second":	1.559621e+09,
				"retransmits":	32,
				"omitted":	false
			}
		}, {
			"streams":	[{
					"socket":	5,
					"start":	10.000595,
					"end":	20.002308,
					"seconds":	10.001713,
					"bytes":	1924047688,
					"bits_per_second":	1.538975e+09,
					"retransmits":	0,
					"snd_cwnd":	1927288,
					"rtt":	1527,
					"omitted":	false
				}],
			"sum":	{
				"start":	10.000595,
				"end":	20.002308,
				"seconds":	10.001713,
				"bytes":	1924047688,
				"bits_per_second":	1.538975e+09,
				"retransmits":	0,
				"omitted":	false
			}
		}, {
			"streams":	[{
					"socket":	5,
					"start":	20.002308,
					"end":	30.002434,
					"seconds":	10.000126,
					"bytes":	1956820280,
					"bits_per_second":	1.565437e+09,
					"retransmits":	0,
					"snd_cwnd":	1927288,
					"rtt":	1252,
					"omitted":	false
				}],
			"sum":	{
				"start":	20.002308,
				"end":	30.002434,
				"seconds":	10.000126,
				"bytes":	1956820280,
				"bits_per_second":	1.565437e+09,
				"retransmits":	0,
				"omitted":	false
			}
		}, {
			"streams":	[{
					"socket":	5,
					"start":	30.002434,
					"end":	40.001509,
					"seconds":	9.999075,
					"bytes":	1962062776,
					"bits_per_second":	1.569795e+09,
					"retransmits":	0,
					"snd_cwnd":	1927288,
					"rtt":	2902,
					"omitted":	false
				}],
			"sum":	{
				"start":	30.002434,
				"end":	40.001509,
				"seconds":	9.999075,
				"bytes":	1962062776,
				"bits_per_second":	1.569795e+09,
				"retransmits":	0,
				"omitted":	false
			}
		}, {
			"streams":	[{
					"socket":	5,
					"start":	40.001509,
					"end":	50.001440,
					"seconds":	9.999931,
					"bytes":	1912898344,
					"bits_per_second":	1.530329e+09,
					"retransmits":	0,
					"snd_cwnd":	1927288,
					"rtt":	5967,
					"omitted":	false
				}],
			"sum":	{
				"start":	40.001509,
				"end":	50.001440,
				"seconds":	9.999931,
				"bytes":	1912898344,
				"bits_per_second":	1.530329e+09,
				"retransmits":	0,
				"omitted":	false
			}
		}, {
			"streams":	[{
					"socket":	5,
					"start":	50.001440,
					"end":	60.002324,
					"seconds":	10.000884,
					"bytes":	1972482720,
					"bits_per_second":	1.577847e+09,
					"retransmits":	0,
					"snd_cwnd":	1927288,
					"rtt":	1480,
					"omitted":	false
				}],
			"sum":	{
				"start":	50.001440,
				"end":	60.002324,
				"seconds":	10.000884,
				"bytes":	1972482720,
				"bits_per_second":	1.577847e+09,
				"retransmits":	0,
				"omitted":	false
			}
		}, {
			"streams":	[{
					"socket":	5,
					"start":	60.002324,
					"end":	70.001991,
					"seconds":	9.999667,
					"bytes":	1978617136,
					"bits_per_second":	1.582946e+09,
					"retransmits":	0,
					"snd_cwnd":	1927288,
					"rtt":	1339,
					"omitted":	false
				}],
			"sum":	{
				"start":	60.002324,
				"end":	70.001991,
				"seconds":	9.999667,
				"bytes":	1978617136,
				"bits_per_second":	1.582946e+09,
				"retransmits":	0,
				"omitted":	false
			}
		}, {
			"streams":	[{
					"socket":	5,
					"start":	70.001991,
					"end":	80.002431,
					"seconds":	10.000440,
					"bytes":	1960661584,
					"bits_per_second":	1.568460e+09,
					"retransmits":	0,
					"snd_cwnd":	1927288,
					"rtt":	1321,
					"omitted":	false
				}],
			"sum":	{
				"start":	70.001991,
				"end":	80.002431,
				"seconds":	10.000440,
				"bytes":	1960661584,
				"bits_per_second":	1.568460e+09,
				"retransmits":	0,
				"omitted":	false
			}
		}, {
			"streams":	[{
					"socket":	5,
					"start":	80.002431,
					"end":	90.002446,
					"seconds":	10.000015,
					"bytes":	1931864280,
					"bits_per_second":	1.545489e+09,
					"retransmits":	16,
					"snd_cwnd":	1639136,
					"rtt":	3648,
					"omitted":	false
				}],
			"sum":	{
				"start":	80.002431,
				"end":	90.002446,
				"seconds":	10.000015,
				"bytes":	1931864280,
				"bits_per_second":	1.545489e+09,
				"retransmits":	16,
				"omitted":	false
			}
		}, {
			"streams":	[{
					"socket":	5,
					"start":	90.002446,
					"end":	100.002450,
					"seconds":	10.000004,
					"bytes":	1914835760,
					"bits_per_second":	1.531868e+09,
					"retransmits":	0,
					"snd_cwnd":	1912808,
					"rtt":	6876,
					"omitted":	false
				}],
			"sum":	{
				"start":	90.002446,
				"end":	100.002450,
				"seconds":	10.000004,
				"bytes":	1914835760,
				"bits_per_second":	1.531868e+09,
				"retransmits":	0,
				"omitted":	false
			}
		}, {
			"streams":	[{
					"socket":	5,
					"start":	100.002450,
					"end":	110.001758,
					"seconds":	9.999308,
					"bytes":	1952435024,
					"bits_per_second":	1.562056e+09,
					"retransmits":	0,
					"snd_cwnd":	1912808,
					"rtt":	1577,
					"omitted":	false
				}],
			"sum":	{
				"start":	100.002450,
				"end":	110.001758,
				"seconds":	9.999308,
				"bytes":	1952435024,
				"bits_per_second":	1.562056e+09,
				"retransmits":	0,
				"omitted":	false
			}
		}, {
			"streams":	[{
					"socket":	5,
					"start":	110.001758,
					"end":	120.002449,
					"seconds":	10.000691,
					"bytes":	1946159760,
					"bits_per_second":	1.556820e+09,
					"retransmits":	0,
					"snd_cwnd":	1912808,
					"rtt":	6249,
					"omitted":	false
				}],
			"sum":	{
				"start":	110.001758,
				"end":	120.002449,
				"seconds":	10.000691,
				"bytes":	1946159760,
				"bits_per_second":	1.556820e+09,
				"retransmits":	0,
				"omitted":	false
			}
		}, {
			"streams":	[{
					"socket":	5,
					"start":	120.002449,
					"end":	130.014454,
					"seconds":	10.012005,
					"bytes":	1959515280,
					"bits_per_second":	1.565733e+09,
					"retransmits":	16,
					"snd_cwnd":	1759320,
					"rtt":	1391,
					"omitted":	false
				}],
			"sum":	{
				"start":	120.002449,
				"end":	130.014454,
				"seconds":	10.012005,
				"bytes":	1959515280,
				"bits_per_second":	1.565733e+09,
				"retransmits":	16,
				"omitted":	false
			}
		}, {
			"streams":	[{
					"socket":	5,
					"start":	130.014454,
					"end":	140.001538,
					"seconds":	9.987083,
					"bytes":	1936663320,
					"bits_per_second":	1.551334e+09,
					"retransmits":	0,
					"snd_cwnd":	1911360,
					"rtt":	1652,
					"omitted":	false
				}],
			"sum":	{
				"start":	130.014454,
				"end":	140.001538,
				"seconds":	9.987083,
				"bytes":	1936663320,
				"bits_per_second":	1.551334e+09,
				"retransmits":	0,
				"omitted":	false
			}
		}, {
			"streams":	[{
					"socket":	5,
					"start":	140.001538,
					"end":	150.001200,
					"seconds":	9.999662,
					"bytes":	1958644440,
					"bits_per_second":	1.566968e+09,
					"retransmits":	16,
					"snd_cwnd":	1626104,
					"rtt":	6395,
					"omitted":	false
				}],
			"sum":	{
				"start":	140.001538,
				"end":	150.001200,
				"seconds":	9.999662,
				"bytes":	1958644440,
				"bits_per_second":	1.566968e+09,
				"retransmits":	16,
				"omitted":	false
			}
		}, {
			"streams":	[{
					"socket":	5,
					"start":	150.001200,
					"end":	160.002709,
					"seconds":	10.001509,
					"bytes":	1966010640,
					"bits_per_second":	1.572571e+09,
					"retransmits":	0,