{
	"start":	{
		"connected":	[{
				"socket":	5,
				"local_host":	"192.168.100.1",
				"local_port":	58388,
				"remote_host":	"192.168.100.2",
				"remote_port":	5201
			}],
		"version":	"iperf 3.1.4",
		"system_info":	"Linux TALON-CLIENT 4.4.71 #0 SMP Thu Jun 8 21:02:37 2017 armv7l",
		"timestamp":	{
			"time":	"Thu, 30 Nov 2017 10:09:13 GMT",
			"timesecs":	1512036553
		},
		"connecting_to":	{
			"host":	"192.168.100.2",
			"port":	5201
		},
		"cookie":	"TALON-CLIENT.1512036553.673528.68773",
		"tcp_mss_default":	1448,
		"test_start":	{
			"protocol":	"TCP",
			"num_streams":	1,
			"blksize":	131072,
			"omit":	0,
			"duration":	240,
			"bytes":	0,
			"blocks":	0,
			"reverse":	0
		}
	},
	"intervals":	[{
			"streams":	[{
					"socket":	5,
					"start":	0,
					"end":	10.001935,
					"seconds":	10.001935,
					"bytes":	1914859816,
					"bits_per_second":	1.531591e+09,
					"retransmits":	0,
					"snd_cwnd":	1998240,
					"rtt":	1251,
					"omitted":	false
				}],
			"sum":	{
				"start":	0,
				"end":	10.001935,
				"seconds":	10.001935,
				"bytes":	1914859816,
				"bits_per_second":	1.531591e+09,
				"retransmits":	0,
				"omitted":	false
			}
		}, {
			"streams":	[{
					"socket":	5,
					"start":	10.001935,
					"end":	20.000088,
					"seconds":	9.998153,
					"bytes":	1913599400,
					"bits_per_second":	1.531162e+09,
					"retransmits":	0,
					"snd_cwnd":	1998240,
					"rtt":	1387,
					"omitted":	false
				}],
			"sum":	{
				"start":	10.001935,
				"end":	20.000088,
				"seconds":	9.998153,
				"bytes":	1913599400,
				"bits_per_second":	1.531162e+09,
				"retransmits":	0,
				"omitted":	false
			}
		}, {
			"streams":	[{
					"socket":	5,
					"start":	20.000088,
					"end":	30.000665,
					"seconds":	10.000577,
					"bytes":	1969884304,
					"bits_per_second":	1.575817e+09,
					"retransmits":	0,
					"snd_cwnd":	1998240,
					"rtt":	3322,
					"omitted":	false
				}],
			"sum":	{
				"start":	20.000088,
				"end":	30.000665,
				"seconds":	10.000577,
				"bytes":	1969884304,
				"bits_per_second":	1.575817e+09,
				"retransmits":	0,
				"omitted":	false
			}
		}, {
			"streams":	[{
					"socket":	5,
					"start":	30.000665,
					"end":	40.001901,
					"seconds":	10.001236,
					"bytes":	1928830960,
					"bits_per_second":	1.542874e+09,
					"retransmits":	0,
					"snd_cwnd":	1998240,
					"rtt":	6051,
					"omitted":	false
				}],
			"sum":	{
				"start":	30.000665,
				"end":	40.001901,
				"seconds":	10.001236,
				"bytes":	1928830960,
				"bits_per_second":	1.542874e+09,
				"retransmits":	0,
				"omitted":	false
			}
		}, {
			"streams":	[{
					"socket":	5,
					"start":	40.001901,
					"end":	50.001741,
					"seconds":	9.999840,
					"bytes":	1956867504,
					"bits_per_second":	1.565519e+09,
					"retransmits":	0,
					"snd_cwnd":	1998240,
					"rtt":	1267,
					"omitted":	false
				}],
			"sum":	{
				"start":	40.001901,
				"end":	50.001741,
				"seconds":	9.999840,
				"bytes":	1956867504,
				"bits_per_second":	1.565519e+09,
				"retransmits":	0,
				"omitted":	false
			}
		}, {
			"streams":	[{
					"socket":	5,
					"start":	50.001741,
					"end":	60.002430,
					"seconds":	10.000689,
					"bytes":	1938550200,
					"bits_per_second":	1.550733e+09,
					"retransmits":	0,
					"snd_cwnd":	1998240,
					"rtt":	1411,
					"omitted":	false
				}],
			"sum":	{
				"start":	50.001741,
				"end":	60.002430,
				"seconds":	10.000689,
				"bytes":	1938550200,
				"bits_per_second":	1.550733e+09,
				"retransmits":	0,
				"omitted":	false
			}
		}, {
			"streams":	[{
					"socket":	5,
					"start":	60.002430,
					"end":	70.001245,
					"seconds":	9.998815,
					"bytes":	1921389896,
					"bits_per_second":	1.537294e+09,
					"retransmits":	0,
					"snd_cwnd":	1998240,
					"rtt":	1389,
					"omitted":	false
				}],
			"sum":	{
				"start":	60.002430,
				"end":	70.001245,
				"seconds":	9.998815,
				"bytes":	1921389896,
				"bits_per_second":	1.537294e+09,
				"retransmits":	0,
				"omitted":	false
			}
		}, {
			"streams":	[{
					"socket":	5,
					"start":	70.001245,
					"end":	80.002324,
					"seconds":	10.001080,
					"bytes":	1896477016,
					"bits_per_second":	1.517018e+09,
					"retransmits":	0,
					"snd_cwnd":	1998240,
					"rtt":	1446,
					"omitted":	false
				}],
			"sum":	{
				"start":	70.001245,
				"end":	80.002324,
				"seconds":	10.001080,
				"bytes":	1896477016,
				"bits_per_second":	1.517018e+09,
				"retransmits":	0,
				"omitted":	false
			}
		}, {
			"streams":	[{
					"socket":	5,
					"start":	80.002324,
					"end":	90.001150,
					"seconds":	9.998826,
					"bytes":	2027558880,
					"bits_per_second":	1.622238e+09,
					"retransmits":	0,
					"snd_cwnd":	1998240,
					"rtt":	1536,
					"omitted":	false
				}],
			"sum":	{
				"start":	80.002324,
				"end":	90.001150,
				"seconds":	9.998826,
				"bytes":	2027558880,
				"bits_per_second":	1.622238e+09,
				"retransmits":	0,
				"omitted":	false
			}
		}, {
			"streams":	[{
					"socket":	5,
					"start":	90.001150,
					"end":	100.002001,
					"seconds":	10.000851,
					"bytes":	1896481128,
					"bits_per_second":	1.517056e+09,
					"retransmits":	216,
					"snd_cwnd":	1430624,
					"rtt":	2223,
					"omitted":	false
				}],
			"sum":	{
				"start":	90.001150,
				"end":	100.002001,
				"seconds":	10.000851,
				"bytes":	1896481128,
				"bits_per_second":	1.517056e+09,
				"retransmits":	216,
				"omitted":	false
			}
		}, {
			"streams":	[{
					"socket":	5,
					"start":	100.002001,
					"end":	110.003454,
					"seconds":	10.001453,
					"bytes":	1906898408,
					"bits_per_second":	1.525297e+09,
					"retransmits":	0,
					"snd_cwnd":	1655064,
					"rtt":	1473,
					"omitted":	false
				}],
			"sum":	{
				"start":	100.002001,
				"end":	110.003454,
				"seconds":	10.001453,
				"bytes":	1906898408,
				"bits_per_second":	1.525297e+09,
				"retransmits":	0,
				"omitted":	false
			}
		}, {
			"streams":	[{
					"socket":	5,
					"start":	110.003454,
					"end":	120.002266,
					"seconds":	9.998812,
					"bytes":	1950308152,
					"bits_per_second":	1.560432e+09,
					"retransmits":	0,
					"snd_cwnd":	1938872,
					"rtt":	1412,
					"omitted":	false
				}],
			"sum":	{
				"start":	110.003454,
				"end":	120.002266,
				"seconds":	9.998812,
				"bytes":	1950308152,
				"bits_per_second":	1.560432e+09,
				"retransmits":	0,
				"omitted":	false
			}
		}, {
			"streams":	[{
					"socket":	5,
					"start":	120.002266,
					"end":	130.002262,
					"seconds":	9.999996,
					"bytes":	1960647000,
					"bits_per_second":	1.568518e+09,
					"retransmits":	0,
					"snd_cwnd":	1938872,
					"rtt":	5418,
					"omitted":	false
				}],
			"sum":	{
				"start":	120.002266,
				"end":	130.002262,
				"seconds":	9.999996,
				"bytes":	1960647000,
				"bits_per_second":	1.568518e+09,
				"retransmits":	0,
				"omitted":	false
			}
		}, {
			"streams":	[{
					"socket":	5,
					"start":	130.002262,
					"end":	140.002235,
					"seconds":	9.999973,
					"bytes":	1945009240,
					"bits_per_second":	1.556012e+09,
					"retransmits":	0,
					"snd_cwnd":	1938872,
					"rtt":	2925,
					"omitted":	false
				}],
			"sum":	{
				"start":	130.002262,
				"end":	140.002235,
				"seconds":	9.999973,
				"bytes":	1945009240,
				"bits_per_second":	1.556012e+09,
				"retransmits":	0,
				"omitted":	false
			}
		}, {
			"streams":	[{
					"socket":	5,
					"start":	140.002235,
					"end":	150.002293,
					"seconds":	10.000058,
					"bytes":	1967375624,
					"bits_per_second":	1.573891e+09,
					"retransmits":	0,
					"snd_cwnd":	1938872,
					"rtt":	1327,
					"omitted":	false
				}],
			"sum":	{
				"start":	140.002235,
				"end":	150.002293,
				"seconds":	10.000058,
				"bytes":	1967375624,
				"bits_per_second":	1.573891e+09,
				"retransmits":	0,
				"omitted":	false
			}
		}, {
			"streams":	[{
					"socket":	5,
					"start":	150.002293,
					"end":	160.001725,
					"seconds":	9.999432,
					"bytes":	1860856288,
					"bits_per_second":	1.488770e+09,
					"retransmits":	0,