{
	"start":	{
		"connected":	[{
				"socket":	5,
				"local_host":	"192.168.100.1",
				"local_port":	58394,
				"remote_host":	"192.168.100.2",
				"remote_port":	5201
			}],
		"version":	"iperf 3.1.4",
		"system_info":	"Linux TALON-CLIENT 4.4.71 #0 SMP Thu Jun 8 21:02:37 2017 armv7l",
		"timestamp":	{
			"time":	"Thu, 30 Nov 2017 10:21:28 GMT",
			"timesecs":	1512037288
		},
		"connecting_to":	{
			"host":	"192.168.100.2",
			"port":	5201
		},
		"cookie":	"TALON-CLIENT.1512037288.684075.6ea7d",
		"tcp_mss_default":	1448,
		"test_start":	{
			"protocol":	"TCP",
			"num_streams":	1,
			"blksize":	131072,
			"omit":	0,
			"duration":	240,
			"bytes":	0,
			"blocks":	0,
			"reverse":	0
		}
	},
	"intervals":	[{
			"streams":	[{
					"socket":	5,
					"start":	0,
					"end":	10.002599,
					"seconds":	10.002599,
					"bytes":	1328419232,
					"bits_per_second":	1.062459e+09,
					"retransmits":	0,
					"snd_cwnd":	1980864,
					"rtt":	5851,
					"omitted":	false
				}],
			"sum":	{
				"start":	0,
				"end":	10.002599,
				"seconds":	10.002599,
				"bytes":	1328419232,
				"bits_per_second":	1.062459e+09,
				"retransmits":	0,
				"omitted":	false
			}
		}, {
			"streams":	[{
					"socket":	5,
					"start":	10.002599,
					"end":	20.001476,
					"seconds":	9.998877,
					"bytes":	1232793928,
					"bits_per_second":	986345951.299940,
					"retransmits":	0,
					"snd_cwnd":	1980864,
					"rtt":	1387,
					"omitted":	false
				}],
			"sum":	{
				"start":	10.002599,
				"end":	20.001476,
				"seconds":	9.998877,
				"bytes":	1232793928,
				"bits_per_second":	986345951.299940,
				"retransmits":	0,
				"omitted":	false
			}
		}, {
			"streams":	[{
					"socket":	5,
					"start":	20.001476,
					"end":	30.001479,
					"seconds":	10.000003,
					"bytes":	1002030480,
					"bits_per_second":	801624154.653490,
					"retransmits":	0,
					"snd_cwnd":	1980864,
					"rtt":	2765,
					"omitted":	false
				}],
			"sum":	{
				"start":	20.001476,
				"end":	30.001479,
				"seconds":	10.000003,
				"bytes":	1002030480,
				"bits_per_second":	801624154.653490,
				"retransmits":	0,
				"omitted":	false
			}
		}, {
			"streams":	[{
					"socket":	5,
					"start":	30.001479,
					"end":	40.003399,
					"seconds":	10.001920,
					"bytes":	1309300360,
					"bits_per_second":	1.047239e+09,
					"retransmits":	0,
					"snd_cwnd":	1980864,
					"rtt":	5277,
					"omitted":	false
				}],
			"sum":	{
				"start":	30.001479,
				"end":	40.003399,
				"seconds":	10.001920,
				"bytes":	1309300360,
				"bits_per_second":	1.047239e+09,
				"retransmits":	0,
				"omitted":	false
			}
		}, {
			"streams":	[{
					"socket":	5,
					"start":	40.003399,
					"end":	50.003073,
					"seconds":	9.999674,
					"bytes":	1360370000,
					"bits_per_second":	1.088331e+09,
					"retransmits":	0,
					"snd_cwnd":	1980864,
					"rtt":	3141,
					"omitted":	false
				}],
			"sum":	{
				"start":	40.003399,
				"end":	50.003073,
				"seconds":	9.999674,
				"bytes":	1360370000,
				"bits_per_second":	1.088331e+09,
				"retransmits":	0,
				"omitted":	false
			}
		}, {
			"streams":	[{
					"socket":	5,
					"start":	50.003073,
					"end":	60.002933,
					"seconds":	9.999860,
					"bytes":	1547903096,
					"bits_per_second":	1.238340e+09,
					"retransmits":	0,
					"snd_cwnd":	1980864,
					"rtt":	1494,
					"omitted":	false
				}],
			"sum":	{
				"start":	50.003073,
				"end":	60.002933,
				"seconds":	9.999860,
				"bytes":	1547903096,
				"bits_per_second":	1.238340e+09,
				"retransmits":	0,
				"omitted":	false
			}
		}, {
			"streams":	[{
					"socket":	5,
					"start":	60.002933,
					"end":	70.002810,
					"seconds":	9.999877,
					"bytes":	1328996928,
					"bits_per_second":	1.063211e+09,
					"retransmits":	0,
					"snd_cwnd":	1980864,
					"rtt":	2980,
					"omitted":	false
				}],
			"sum":	{
				"start":	60.002933,
				"end":	70.002810,
				"seconds":	9.999877,
				"bytes":	1328996928,
				"bits_per_second":	1.063211e+09,
				"retransmits":	0,
				"omitted":	false
			}
		}, {
			"streams":	[{
					"socket":	5,
					"start":	70.002810,
					"end":	80.002861,
					"seconds":	10.000051,
					"bytes":	1225491744,
					"bits_per_second":	980388346.355595,
					"retransmits":	0,
					"snd_cwnd":	1980864,
					"rtt":	1371,
					"omitted":	false
				}],
			"sum":	{
				"start":	70.002810,
				"end":	80.002861,
				"seconds":	10.000051,
				"bytes":	1225491744,
				"bits_per_second":	980388346.355595,
				"retransmits":	0,
				"omitted":	false
			}
		}, {
			"streams":	[{
					"socket":	5,
					"start":	80.002861,
					"end":	90.002293,
					"seconds":	9.999432,
					"bytes":	1087725552,
					"bits_per_second":	870229904.588199,
					"retransmits":	0,
					"snd_cwnd":	1980864,
					"rtt":	2588,
					"omitted":	false
				}],
			"sum":	{
				"start":	80.002861,
				"end":	90.002293,
				"seconds":	9.999432,
				"bytes":	1087725552,
				"bits_per_second":	870229904.588199,
				"retransmits":	0,
				"omitted":	false
			}
		}, {
			"streams":	[{
					"socket":	5,
					"start":	90.002293,
					"end":	100.002654,
					"seconds":	10.000360,
					"bytes":	1520380352,
					"bits_per_second":	1.216260e+09,
					"retransmits":	0,
					"snd_cwnd":	1980864,
					"rtt":	5332,
					"omitted":	false
				}],
			"sum":	{
				"start":	90.002293,
				"end":	100.002654,
				"seconds":	10.000360,
				"bytes":	1520380352,
				"bits_per_second":	1.216260e+09,
				"retransmits":	0,
				"omitted":	false
			}
		}, {
			"streams":	[{
					"socket":	5,
					"start":	100.002654,
					"end":	110.000674,
					"seconds":	9.998020,
					"bytes":	1644901392,
					"bits_per_second":	1.316182e+09,
					"retransmits":	0,
					"snd_cwnd":	1980864,
					"rtt":	1467,
					"omitted":	false
				}],
			"sum":	{
				"start":	100.002654,
				"end":	110.000674,
				"seconds":	9.998020,
				"bytes":	1644901392,
				"bits_per_second":	1.316182e+09,
				"retransmits":	0,
				"omitted":	false
			}
		}, {
			"streams":	[{
					"socket":	5,
					"start":	110.000674,
					"end":	120.001654,
					"seconds":	10.000980,
					"bytes":	1349355120,
					"bits_per_second":	1.079378e+09,
					"retransmits":	0,
					"snd_cwnd":	1980864,
					"rtt":	1420,
					"omitted":	false
				}],
			"sum":	{
				"start":	110.000674,
				"end":	120.001654,
				"seconds":	10.000980,
				"bytes":	1349355120,
				"bits_per_second":	1.079378e+09,
				"retransmits":	0,
				"omitted":	false
			}
		}, {
			"streams":	[{
					"socket":	5,
					"start":	120.001654,
					"end":	130.001343,
					"seconds":	9.999689,
					"bytes":	1275572160,
					"bits_per_second":	1.020489e+09,
					"retransmits":	0,
					"snd_cwnd":	1980864,
					"rtt":	6570,
					"omitted":	false
				}],
			"sum":	{
				"start":	120.001654,
				"end":	130.001343,
				"seconds":	9.999689,
				"bytes":	1275572160,
				"bits_per_second":	1.020489e+09,
				"retransmits":	0,
				"omitted":	false
			}
		}, {
			"streams":	[{
					"socket":	5,
					"start":	130.001343,
					"end":	140.000902,
					"seconds":	9.999559,
					"bytes":	786396120,
					"bits_per_second":	629144615.956643,
					"retransmits":	0,
					"snd_cwnd":	1980864,
					"rtt":	3940,
					"omitted":	false
				}],
			"sum":	{
				"start":	130.001343,
				"end":	140.000902,
				"seconds":	9.999559,
				"bytes":	786396120,
				"bits_per_second":	629144615.956643,
				"retransmits":	0,
				"omitted":	false
			}
		}, {
			"streams":	[{
					"socket":	5,
					"start":	140.000902,
					"end":	150.004476,
					"seconds":	10.003574,
					"bytes":	777195800,
					"bits_per_second":	621534480.496740,
					"retransmits":	0,
					"snd_cwnd":	1980864,
					"rtt":	2780,
					"omitted":	false
				}],
			"sum":	{
				"start":	140.000902,
				"end":	150.004476,
				"seconds":	10.003574,
				"bytes":	777195800,
				"bits_per_second":	621534480.496740,
				"retransmits":	0,
				"omitted":	false
			}
		}, {
			"streams":	[{
					"socket":	5,
					"start":	150.004476,
					"end":	160.004364,
					"seconds":	9.999887,
					"bytes":	794257800,