{
	"start":	{
		"connected":	[{
				"socket":	5,
				"local_host":	"192.168.100.1",
				"local_port":	58398,
				"remote_host":	"192.168.100.2",
				"remote_port":	5201
			}],
		"version":	"iperf 3.1.4",
		"system_info":	"Linux TALON-CLIENT 4.4.71 #0 SMP Thu Jun 8 21:02:37 2017 armv7l",
		"timestamp":	{
			"time":	"Thu, 30 Nov 2017 10:26:30 GMT",
			"timesecs":	1512037590
		},
		"connecting_to":	{
			"host":	"192.168.100.2",
			"port":	5201
		},
		"cookie":	"TALON-CLIENT.1512037590.776684.68f5a",
		"tcp_mss_default":	1448,
		"test_start":	{
			"protocol":	"TCP",
			"num_streams":	1,
			"blksize":	131072,
			"omit":	0,
			"duration":	240,
			"bytes":	0,
			"blocks":	0,
			"reverse":	0
		}
	},
	"intervals":	[{
			"streams":	[{
					"socket":	5,
					"start":	0,
					"end":	10.002270,
					"seconds":	10.002270,
					"bytes":	1834477840,
					"bits_per_second":	1.467249e+09,
					"retransmits":	0,
					"snd_cwnd":	1993896,
					"rtt":	1712,
					"omitted":	false
				}],
			"sum":	{
				"start":	0,
				"end":	10.002270,
				"seconds":	10.002270,
				"bytes":	1834477840,
				"bits_per_second":	1.467249e+09,
				"retransmits":	0,
				"omitted":	false
			}
		}, {
			"streams":	[{
					"socket":	5,
					"start":	10.002270,
					"end":	20.002483,
					"seconds":	10.000214,
					"bytes":	1945008616,
					"bits_per_second":	1.555974e+09,
					"retransmits":	0,
					"snd_cwnd":	1993896,
					"rtt":	1572,
					"omitted":	false
				}],
			"sum":	{
				"start":	10.002270,
				"end":	20.002483,
				"seconds":	10.000214,
				"bytes":	1945008616,
				"bits_per_second":	1.555974e+09,
				"retransmits":	0,
				"omitted":	false
			}
		}, {
			"streams":	[{
					"socket":	5,
					"start":	20.002483,
					"end":	30.002334,
					"seconds":	9.999851,
					"bytes":	1976468224,
					"bits_per_second":	1.581198e+09,
					"retransmits":	0,
					"snd_cwnd":	1993896,
					"rtt":	1460,
					"omitted":	false
				}],
			"sum":	{
				"start":	20.002483,
				"end":	30.002334,
				"seconds":	9.999851,
				"bytes":	1976468224,
				"bits_per_second":	1.581198e+09,
				"retransmits":	0,
				"omitted":	false
			}
		}, {
			"streams":	[{
					"socket":	5,
					"start":	30.002334,
					"end":	40.001166,
					"seconds":	9.998832,
					"bytes":	1943797760,
					"bits_per_second":	1.555220e+09,
					"retransmits":	0,
					"snd_cwnd":	1993896,
					"rtt":	2937,
					"omitted":	false
				}],
			"sum":	{
				"start":	30.002334,
				"end":	40.001166,
				"seconds":	9.998832,
				"bytes":	1943797760,
				"bits_per_second":	1.555220e+09,
				"retransmits":	0,
				"omitted":	false
			}
		}, {
			"streams":	[{
					"socket":	5,
					"start":	40.001166,
					"end":	50.001347,
					"seconds":	10.000181,
					"bytes":	1916181080,
					"bits_per_second":	1.532917e+09,
					"retransmits":	0,
					"snd_cwnd":	1993896,
					"rtt":	6732,
					"omitted":	false
				}],
			"sum":	{
				"start":	40.001166,
				"end":	50.001347,
				"seconds":	10.000181,
				"bytes":	1916181080,
				"bits_per_second":	1.532917e+09,
				"retransmits":	0,
				"omitted":	false
			}
		}, {
			"streams":	[{
					"socket":	5,
					"start":	50.001347,
					"end":	60.003509,
					"seconds":	10.002162,
					"bytes":	1983029696,
					"bits_per_second":	1.586081e+09,
					"retransmits":	16,
					"snd_cwnd":	1653616,
					"rtt":	1352,
					"omitted":	false
				}],
			"sum":	{
				"start":	50.001347,
				"end":	60.003509,
				"seconds":	10.002162,
				"bytes":	1983029696,
				"bits_per_second":	1.586081e+09,
				"retransmits":	16,
				"omitted":	false
			}
		}, {
			"streams":	[{
					"socket":	5,
					"start":	60.003509,
					"end":	70.002444,
					"seconds":	9.998935,
					"bytes":	1905703248,
					"bits_per_second":	1.524725e+09,
					"retransmits":	0,
					"snd_cwnd":	1917152,
					"rtt":	1451,
					"omitted":	false
				}],
			"sum":	{
				"start":	60.003509,
				"end":	70.002444,
				"seconds":	9.998935,
				"bytes":	1905703248,
				"bits_per_second":	1.524725e+09,
				"retransmits":	0,
				"omitted":	false
			}
		}, {
			"streams":	[{
					"socket":	5,
					"start":	70.002444,
					"end":	80.001210,
					"seconds":	9.998766,
					"bytes":	1959884280,
					"bits_per_second":	1.568101e+09,
					"retransmits":	0,
					"snd_cwnd":	1917152,
					"rtt":	6742,
					"omitted":	false
				}],
			"sum":	{
				"start":	70.002444,
				"end":	80.001210,
				"seconds":	9.998766,
				"bytes":	1959884280,
				"bits_per_second":	1.568101e+09,
				"retransmits":	0,
				"omitted":	false
			}
		}, {
			"streams":	[{
					"socket":	5,
					"start":	80.001210,
					"end":	90.001994,
					"seconds":	10.000784,
					"bytes":	1970928704,
					"bits_per_second":	1.576619e+09,
					"retransmits":	0,
					"snd_cwnd":	1917152,
					"rtt":	1333,
					"omitted":	false
				}],
			"sum":	{
				"start":	80.001210,
				"end":	90.001994,
				"seconds":	10.000784,
				"bytes":	1970928704,
				"bits_per_second":	1.576619e+09,
				"retransmits":	0,
				"omitted":	false
			}
		}, {
			"streams":	[{
					"socket":	5,
					"start":	90.001994,
					"end":	100.003478,
					"seconds":	10.001484,
					"bytes":	1975187288,
					"bits_per_second":	1.579915e+09,
					"retransmits":	0,
					"snd_cwnd":	1917152,
					"rtt":	1287,
					"omitted":	false
				}],
			"sum":	{
				"start":	90.001994,
				"end":	100.003478,
				"seconds":	10.001484,
				"bytes":	1975187288,
				"bits_per_second":	1.579915e+09,
				"retransmits":	0,
				"omitted":	false
			}
		}, {
			"streams":	[{
					"socket":	5,
					"start":	100.003478,
					"end":	110.002804,
					"seconds":	9.999326,
					"bytes":	1944719896,
					"bits_per_second":	1.555881e+09,
					"retransmits":	0,
					"snd_cwnd":	1917152,
					"rtt":	2421,
					"omitted":	false
				}],
			"sum":	{
				"start":	100.003478,
				"end":	110.002804,
				"seconds":	9.999326,
				"bytes":	1944719896,
				"bits_per_second":	1.555881e+09,
				"retransmits":	0,
				"omitted":	false
			}
		}, {
			"streams":	[{
					"socket":	5,
					"start":	110.002804,
					"end":	120.002067,
					"seconds":	9.999263,
					"bytes":	1951452456,
					"bits_per_second":	1.561277e+09,
					"retransmits":	0,
					"snd_cwnd":	1917152,
					"rtt":	1355,
					"omitted":	false
				}],
			"sum":	{
				"start":	110.002804,
				"end":	120.002067,
				"seconds":	9.999263,
				"bytes":	1951452456,
				"bits_per_second":	1.561277e+09,
				"retransmits":	0,
				"omitted":	false
			}
		}, {
			"streams":	[{
					"socket":	5,
					"start":	120.002067,
					"end":	130.001411,
					"seconds":	9.999344,
					"bytes":	1925060824,
					"bits_per_second":	1.540150e+09,
					"retransmits":	0,
					"snd_cwnd":	1917152,
					"rtt":	1468,
					"omitted":	false
				}],
			"sum":	{
				"start":	120.002067,
				"end":	130.001411,
				"seconds":	9.999344,
				"bytes":	1925060824,
				"bits_per_second":	1.540150e+09,
				"retransmits":	0,
				"omitted":	false
			}
		}, {
			"streams":	[{
					"socket":	5,
					"start":	130.001411,
					"end":	140.002068,
					"seconds":	10.000657,
					"bytes":	1934339024,
					"bits_per_second":	1.547370e+09,
					"retransmits":	0,
					"snd_cwnd":	1917152,
					"rtt":	1959,
					"omitted":	false
				}],
			"sum":	{
				"start":	130.001411,
				"end":	140.002068,
				"seconds":	10.000657,
				"bytes":	1934339024,
				"bits_per_second":	1.547370e+09,
				"retransmits":	0,
				"omitted":	false
			}
		}, {
			"streams":	[{
					"socket":	5,
					"start":	140.002068,
					"end":	150.001119,
					"seconds":	9.999051,
					"bytes":	1948854432,
					"bits_per_second":	1.559232e+09,
					"retransmits":	0,
					"snd_cwnd":	1917152,
					"rtt":	1586,
					"omitted":	false
				}],
			"sum":	{
				"start":	140.002068,
				"end":	150.001119,
				"seconds":	9.999051,
				"bytes":	1948854432,
				"bits_per_second":	1.559232e+09,
				"retransmits":	0,
				"omitted":	false
			}
		}, {
			"streams":	[{
					"socket":	5,
					"start":	150.001119,
					"end":	160.000163,
					"seconds":	9.999044,
					"bytes":	1960744920,
					"bits_per_second":	1.568746e+09,
					"retransmits":	0,