{
	"start":	{
		"connected":	[{
				"socket":	5,
				"local_host":	"192.168.100.1",
				"local_port":	58402,
				"remote_host":	"192.168.100.2",
				"remote_port":	5201
			}],
		"version":	"iperf 3.1.4",
		"system_info":	"Linux TALON-CLIENT 4.4.71 #0 SMP Thu Jun 8 21:02:37 2017 armv7l",
		"timestamp":	{
			"time":	"Thu, 30 Nov 2017 10:32:48 GMT",
			"timesecs":	1512037968
		},
		"connecting_to":	{
			"host":	"192.168.100.2",
			"port":	5201
		},
		"cookie":	"TALON-CLIENT.1512037968.094947.38a81",
		"tcp_mss_default":	1448,
		"test_start":	{
			"protocol":	"TCP",
			"num_streams":	1,
			"blksize":	131072,
			"omit":	0,
			"duration":	240,
			"bytes":	0,
			"blocks":	0,
			"reverse":	0
		}
	},
	"intervals":	[{
			"streams":	[{
					"socket":	5,
					"start":	0,
					"end":	10.001008,
					"seconds":	10.001008,
					"bytes":	2029667496,
					"bits_per_second":	1.623570e+09,
					"retransmits":	0,
					"snd_cwnd":	1983760,
					"rtt":	4578,
					"omitted":	false
				}],
			"sum":	{
				"start":	0,
				"end":	10.001008,
				"seconds":	10.001008,
				"bytes":	2029667496,
				"bits_per_second":	1.623570e+09,
				"retransmits":	0,
				"omitted":	false
			}
		}, {
			"streams":	[{
					"socket":	5,
					"start":	10.001008,
					"end":	20.002064,
					"seconds":	10.001056,
					"bytes":	2233210376,
					"bits_per_second":	1.786380e+09,
					"retransmits":	0,
					"snd_cwnd":	1983760,
					"rtt":	1267,
					"omitted":	false
				}],
			"sum":	{
				"start":	10.001008,
				"end":	20.002064,
				"seconds":	10.001056,
				"bytes":	2233210376,
				"bits_per_second":	1.786380e+09,
				"retransmits":	0,
				"omitted":	false
			}
		}, {
			"streams":	[{
					"socket":	5,
					"start":	20.002064,
					"end":	30.001831,
					"seconds":	9.999767,
					"bytes":	2212243992,
					"bits_per_second":	1.769836e+09,
					"retransmits":	0,
					"snd_cwnd":	1983760,
					"rtt":	1496,
					"omitted":	false
				}],
			"sum":	{
				"start":	20.002064,
				"end":	30.001831,
				"seconds":	9.999767,
				"bytes":	2212243992,
				"bits_per_second":	1.769836e+09,
				"retransmits":	0,
				"omitted":	false
			}
		}, {
			"streams":	[{
					"socket":	5,
					"start":	30.001831,
					"end":	40.000593,
					"seconds":	9.998762,
					"bytes":	2141605936,
					"bits_per_second":	1.713497e+09,
					"retransmits":	0,
					"snd_cwnd":	1983760,
					"rtt":	7452,
					"omitted":	false
				}],
			"sum":	{
				"start":	30.001831,
				"end":	40.000593,
				"seconds":	9.998762,
				"bytes":	2141605936,
				"bits_per_second":	1.713497e+09,
				"retransmits":	0,
				"omitted":	false
			}
		}, {
			"streams":	[{
					"socket":	5,
					"start":	40.000593,
					"end":	50.002504,
					"seconds":	10.001911,
					"bytes":	2380183992,
					"bits_per_second":	1.903783e+09,
					"retransmits":	0,
					"snd_cwnd":	1983760,
					"rtt":	1733,
					"omitted":	false
				}],
			"sum":	{
				"start":	40.000593,
				"end":	50.002504,
				"seconds":	10.001911,
				"bytes":	2380183992,
				"bits_per_second":	1.903783e+09,
				"retransmits":	0,
				"omitted":	false
			}
		}, {
			"streams":	[{
					"socket":	5,
					"start":	50.002504,
					"end":	60.001990,
					"seconds":	9.999486,
					"bytes":	2182307792,
					"bits_per_second":	1.745936e+09,
					"retransmits":	264,
					"snd_cwnd":	1504472,
					"rtt":	1602,
					"omitted":	false
				}],
			"sum":	{
				"start":	50.002504,
				"end":	60.001990,
				"seconds":	9.999486,
				"bytes":	2182307792,
				"bits_per_second":	1.745936e+09,
				"retransmits":	264,
				"omitted":	false
			}
		}, {
			"streams":	[{
					"socket":	5,
					"start":	60.001990,
					"end":	70.001446,
					"seconds":	9.999456,
					"bytes":	2180929304,
					"bits_per_second":	1.744838e+09,
					"retransmits":	0,
					"snd_cwnd":	1921496,
					"rtt":	1288,
					"omitted":	false
				}],
			"sum":	{
				"start":	60.001990,
				"end":	70.001446,
				"seconds":	9.999456,
				"bytes":	2180929304,
				"bits_per_second":	1.744838e+09,
				"retransmits":	0,
				"omitted":	false
			}
		}, {
			"streams":	[{
					"socket":	5,
					"start":	70.001446,
					"end":	80.002470,
					"seconds":	10.001024,
					"bytes":	2385428736,
					"bits_per_second":	1.908148e+09,
					"retransmits":	0,
					"snd_cwnd":	1921496,
					"rtt":	1886,
					"omitted":	false
				}],
			"sum":	{
				"start":	70.001446,
				"end":	80.002470,
				"seconds":	10.001024,
				"bytes":	2385428736,
				"bits_per_second":	1.908148e+09,
				"retransmits":	0,
				"omitted":	false
			}
		}, {
			"streams":	[{
					"socket":	5,
					"start":	80.002470,
					"end":	90.002181,
					"seconds":	9.999711,
					"bytes":	2348727744,
					"bits_per_second":	1.879036e+09,
					"retransmits":	0,
					"snd_cwnd":	1921496,
					"rtt":	6344,
					"omitted":	false
				}],
			"sum":	{
				"start":	80.002470,
				"end":	90.002181,
				"seconds":	9.999711,
				"bytes":	2348727744,
				"bits_per_second":	1.879036e+09,
				"retransmits":	0,
				"omitted":	false
			}
		}, {
			"streams":	[{
					"socket":	5,
					"start":	90.002181,
					"end":	100.004119,
					"seconds":	10.001938,
					"bytes":	2230765448,
					"bits_per_second":	1.784267e+09,
					"retransmits":	0,
					"snd_cwnd":	1921496,
					"rtt":	1317,
					"omitted":	false
				}],
			"sum":	{
				"start":	90.002181,
				"end":	100.004119,
				"seconds":	10.001938,
				"bytes":	2230765448,
				"bits_per_second":	1.784267e+09,
				"retransmits":	0,
				"omitted":	false
			}
		}, {
			"streams":	[{
					"socket":	5,
					"start":	100.004119,
					"end":	110.001684,
					"seconds":	9.997565,
					"bytes":	2222364072,
					"bits_per_second":	1.778324e+09,
					"retransmits":	0,
					"snd_cwnd":	1921496,
					"rtt":	6718,
					"omitted":	false
				}],
			"sum":	{
				"start":	100.004119,
				"end":	110.001684,
				"seconds":	9.997565,
				"bytes":	2222364072,
				"bits_per_second":	1.778324e+09,
				"retransmits":	0,
				"omitted":	false
			}
		}, {
			"streams":	[{
					"socket":	5,
					"start":	110.001684,
					"end":	120.002456,
					"seconds":	10.000772,
					"bytes":	2265962360,
					"bits_per_second":	1.812630e+09,
					"retransmits":	0,
					"snd_cwnd":	1921496,
					"rtt":	1351,
					"omitted":	false
				}],
			"sum":	{
				"start":	110.001684,
				"end":	120.002456,
				"seconds":	10.000772,
				"bytes":	2265962360,
				"bits_per_second":	1.812630e+09,
				"retransmits":	0,
				"omitted":	false
			}
		}, {
			"streams":	[{
					"socket":	5,
					"start":	120.002456,
					"end":	130.000155,
					"seconds":	9.997699,
					"bytes":	1937070472,
					"bits_per_second":	1.550013e+09,
					"retransmits":	0,
					"snd_cwnd":	1921496,
					"rtt":	6647,
					"omitted":	false
				}],
			"sum":	{
				"start":	120.002456,
				"end":	130.000155,
				"seconds":	9.997699,
				"bytes":	1937070472,
				"bits_per_second":	1.550013e+09,
				"retransmits":	0,
				"omitted":	false
			}
		}, {
			"streams":	[{
					"socket":	5,
					"start":	130.000155,
					"end":	140.001717,
					"seconds":	10.001562,
					"bytes":	2202986040,
					"bits_per_second":	1.762114e+09,
					"retransmits":	0,
					"snd_cwnd":	1921496,
					"rtt":	4465,
					"omitted":	false
				}],
			"sum":	{
				"start":	130.000155,
				"end":	140.001717,
				"seconds":	10.001562,
				"bytes":	2202986040,
				"bits_per_second":	1.762114e+09,
				"retransmits":	0,
				"omitted":	false
			}
		}, {
			"streams":	[{
					"socket":	5,
					"start":	140.001717,
					"end":	150.001284,
					"seconds":	9.999567,
					"bytes":	2391947912,
					"bits_per_second":	1.913641e+09,
					"retransmits":	0,
					"snd_cwnd":	1921496,
					"rtt":	4396,
					"omitted":	false
				}],
			"sum":	{
				"start":	140.001717,
				"end":	150.001284,
				"seconds":	9.999567,
				"bytes":	2391947912,
				"bits_per_second":	1.913641e+09,
				"retransmits":	0,
				"omitted":	false
			}
		}, {
			"streams":	[{
					"socket":	5,
					"start":	150.001284,
					"end":	160.002183,
					"seconds":	10.000899,
					"bytes":	2234631648,
					"bits_per_second":	1.787545e+09,
					"retransmits":	0,