{
	"start":	{
		"connected":	[{
				"socket":	5,
				"local_host":	"192.168.100.1",
				"local_port":	58414,
				"remote_host":	"192.168.100.2",
				"remote_port":	5201
			}],
		"version":	"iperf 3.1.4",
		"system_info":	"Linux TALON-CLIENT 4.4.71 #0 SMP Thu Jun 8 21:02:37 2017 armv7l",
		"timestamp":	{
			"time":	"Thu, 30 Nov 2017 10:47:15 GMT",
			"timesecs":	1512038835
		},
		"connecting_to":	{
			"host":	"192.168.100.2",
			"port":	5201
		},
		"cookie":	"TALON-CLIENT.1512038835.059823.19d7b",
		"tcp_mss_default":	1448,
		"test_start":	{
			"protocol":	"TCP",
			"num_streams":	1,
			"blksize":	131072,
			"omit":	0,
			"duration":	240,
			"bytes":	0,
			"blocks":	0,
			"reverse":	0
		}
	},
	"intervals":	[{
			"streams":	[{
					"socket":	5,
					"start":	0,
					"end":	10.001294,
					"seconds":	10.001294,
					"bytes":	2271886760,
					"bits_per_second":	1.817274e+09,
					"retransmits":	0,
					"snd_cwnd":	2002584,
					"rtt":	4522,
					"omitted":	false
				}],
			"sum":	{
				"start":	0,
				"end":	10.001294,
				"seconds":	10.001294,
				"bytes":	2271886760,
				"bits_per_second":	1.817274e+09,
				"retransmits":	0,
				"omitted":	false
			}
		}, {
			"streams":	[{
					"socket":	5,
					"start":	10.001294,
					"end":	20.002640,
					"seconds":	10.001346,
					"bytes":	2368469904,
					"bits_per_second":	1.894521e+09,
					"retransmits":	24,
					"snd_cwnd":	1925840,
					"rtt":	6861,
					"omitted":	false
				}],
			"sum":	{
				"start":	10.001294,
				"end":	20.002640,
				"seconds":	10.001346,
				"bytes":	2368469904,
				"bits_per_second":	1.894521e+09,
				"retransmits":	24,
				"omitted":	false
			}
		}, {
			"streams":	[{
					"socket":	5,
					"start":	20.002640,
					"end":	30.001669,
					"seconds":	9.999029,
					"bytes":	2261710072,
					"bits_per_second":	1.809544e+09,
					"retransmits":	16,
					"snd_cwnd":	1530536,
					"rtt":	6691,
					"omitted":	false
				}],
			"sum":	{
				"start":	20.002640,
				"end":	30.001669,
				"seconds":	9.999029,
				"bytes":	2261710072,
				"bits_per_second":	1.809544e+09,
				"retransmits":	16,
				"omitted":	false
			}
		}, {
			"streams":	[{
					"socket":	5,
					"start":	30.001669,
					"end":	40.002555,
					"seconds":	10.000886,
					"bytes":	2259586504,
					"bits_per_second":	1.807509e+09,
					"retransmits":	0,
					"snd_cwnd":	1678232,
					"rtt":	4925,
					"omitted":	false
				}],
			"sum":	{
				"start":	30.001669,
				"end":	40.002555,
				"seconds":	10.000886,
				"bytes":	2259586504,
				"bits_per_second":	1.807509e+09,
				"retransmits":	0,
				"omitted":	false
			}
		}, {
			"streams":	[{
					"socket":	5,
					"start":	40.002555,
					"end":	50.002932,
					"seconds":	10.000377,
					"bytes":	2410318752,
					"bits_per_second":	1.928182e+09,
					"retransmits":	0,
					"snd_cwnd":	1905568,
					"rtt":	1712,
					"omitted":	false
				}],
			"sum":	{
				"start":	40.002555,
				"end":	50.002932,
				"seconds":	10.000377,
				"bytes":	2410318752,
				"bits_per_second":	1.928182e+09,
				"retransmits":	0,
				"omitted":	false
			}
		}, {
			"streams":	[{
					"socket":	5,
					"start":	50.002932,
					"end":	60.002536,
					"seconds":	9.999604,
					"bytes":	2412995120,
					"bits_per_second":	1.930472e+09,
					"retransmits":	0,
					"snd_cwnd":	2880072,
					"rtt":	2222,
					"omitted":	false
				}],
			"sum":	{
				"start":	50.002932,
				"end":	60.002536,
				"seconds":	9.999604,
				"bytes":	2412995120,
				"bits_per_second":	1.930472e+09,
				"retransmits":	0,
				"omitted":	false
			}
		}, {
			"streams":	[{
					"socket":	5,
					"start":	60.002536,
					"end":	70.002107,
					"seconds":	9.999571,
					"bytes":	2416872888,
					"bits_per_second":	1.933581e+09,
					"retransmits":	0,
					"snd_cwnd":	2880072,
					"rtt":	6326,
					"omitted":	false
				}],
			"sum":	{
				"start":	60.002536,
				"end":	70.002107,
				"seconds":	9.999571,
				"bytes":	2416872888,
				"bits_per_second":	1.933581e+09,
				"retransmits":	0,
				"omitted":	false
			}
		}, {
			"streams":	[{
					"socket":	5,
					"start":	70.002107,
					"end":	80.000228,
					"seconds":	9.998121,
					"bytes":	2274042888,
					"bits_per_second":	1.819576e+09,
					"retransmits":	0,
					"snd_cwnd":	2880072,
					"rtt":	6036,
					"omitted":	false
				}],
			"sum":	{
				"start":	70.002107,
				"end":	80.000228,
				"seconds":	9.998121,
				"bytes":	2274042888,
				"bits_per_second":	1.819576e+09,
				"retransmits":	0,
				"omitted":	false
			}
		}, {
			"streams":	[{
					"socket":	5,
					"start":	80.000228,
					"end":	90.000318,
					"seconds":	10.000090,
					"bytes":	2373596520,
					"bits_per_second":	1.898860e+09,
					"retransmits":	0,
					"snd_cwnd":	2880072,
					"rtt":	1996,
					"omitted":	false
				}],
			"sum":	{
				"start":	80.000228,
				"end":	90.000318,
				"seconds":	10.000090,
				"bytes":	2373596520,
				"bits_per_second":	1.898860e+09,
				"retransmits":	0,
				"omitted":	false
			}
		}, {
			"streams":	[{
					"socket":	5,
					"start":	90.000318,
					"end":	100.001264,
					"seconds":	10.000946,
					"bytes":	2415308640,
					"bits_per_second":	1.932064e+09,
					"retransmits":	0,
					"snd_cwnd":	2880072,
					"rtt":	6772,
					"omitted":	false
				}],
			"sum":	{
				"start":	90.000318,
				"end":	100.001264,
				"seconds":	10.000946,
				"bytes":	2415308640,
				"bits_per_second":	1.932064e+09,
				"retransmits":	0,
				"omitted":	false
			}
		}, {
			"streams":	[{
					"socket":	5,
					"start":	100.001264,
					"end":	110.002439,
					"seconds":	10.001175,
					"bytes":	2449665808,
					"bits_per_second":	1.959502e+09,
					"retransmits":	0,
					"snd_cwnd":	2880072,
					"rtt":	5089,
					"omitted":	false
				}],
			"sum":	{
				"start":	100.001264,
				"end":	110.002439,
				"seconds":	10.001175,
				"bytes":	2449665808,
				"bits_per_second":	1.959502e+09,
				"retransmits":	0,
				"omitted":	false
			}
		}, {
			"streams":	[{
					"socket":	5,
					"start":	110.002439,
					"end":	120.001227,
					"seconds":	9.998788,
					"bytes":	2412990416,
					"bits_per_second":	1.930626e+09,
					"retransmits":	7,
					"snd_cwnd":	2015616,
					"rtt":	5859,
					"omitted":	false
				}],
			"sum":	{
				"start":	110.002439,
				"end":	120.001227,
				"seconds":	9.998788,
				"bytes":	2412990416,
				"bits_per_second":	1.930626e+09,
				"retransmits":	7,
				"omitted":	false
			}
		}, {
			"streams":	[{
					"socket":	5,
					"start":	120.001227,
					"end":	130.004286,
					"seconds":	10.003059,
					"bytes":	2393223064,
					"bits_per_second":	1.913993e+09,
					"retransmits":	0,
					"snd_cwnd":	2015616,
					"rtt":	1719,
					"omitted":	false
				}],
			"sum":	{
				"start":	120.001227,
				"end":	130.004286,
				"seconds":	10.003059,
				"bytes":	2393223064,
				"bits_per_second":	1.913993e+09,
				"retransmits":	0,
				"omitted":	false
			}
		}, {
			"streams":	[{
					"socket":	5,
					"start":	130.004286,
					"end":	140.002547,
					"seconds":	9.998260,
					"bytes":	2394619136,
					"bits_per_second":	1.916029e+09,
					"retransmits":	0,
					"snd_cwnd":	2015616,
					"rtt":	1393,
					"omitted":	false
				}],
			"sum":	{
				"start":	130.004286,
				"end":	140.002547,
				"seconds":	9.998260,
				"bytes":	2394619136,
				"bits_per_second":	1.916029e+09,
				"retransmits":	0,
				"omitted":	false
			}
		}, {
			"streams":	[{
					"socket":	5,
					"start":	140.002547,
					"end":	150.001053,
					"seconds":	9.998507,
					"bytes":	2138939144,
					"bits_per_second":	1.711407e+09,
					"retransmits":	0,
					"snd_cwnd":	2015616,
					"rtt":	4107,
					"omitted":	false
				}],
			"sum":	{
				"start":	140.002547,
				"end":	150.001053,
				"seconds":	9.998507,
				"bytes":	2138939144,
				"bits_per_second":	1.711407e+09,
				"retransmits":	0,
				"omitted":	false
			}
		}, {
			"streams":	[{
					"socket":	5,
					"start":	150.001053,
					"end":	160.001572,
					"seconds":	10.000519,
					"bytes":	2275307880,
					"bits_per_second":	1.820152e+09,
					"retransmits":	0,