{
	"start":	{
		"connected":	[{
				"socket":	5,
				"local_host":	"192.168.100.1",
				"local_port":	58426,
				"remote_host":	"192.168.100.2",
				"remote_port":	5201
			}],
		"version":	"iperf 3.1.4",
		"system_info":	"Linux TALON-CLIENT 4.4.71 #0 SMP Thu Jun 8 21:02:37 2017 armv7l",
		"timestamp":	{
			"time":	"Thu, 30 Nov 2017 11:22:24 GMT",
			"timesecs":	1512040944
		},
		"connecting_to":	{
			"host":	"192.168.100.2",
			"port":	5201
		},
		"cookie":	"TALON-CLIENT.1512040943.694176.71428",
		"tcp_mss_default":	1448,
		"test_start":	{
			"protocol":	"TCP",
			"num_streams":	1,
			"blksize":	131072,
			"omit":	0,
			"duration":	240,
			"bytes":	0,
			"blocks":	0,
			"reverse":	0
		}
	},
	"intervals":	[{
			"streams":	[{
					"socket":	5,
					"start":	0,
					"end":	10.004994,
					"seconds":	10.004994,
					"bytes":	1968068336,
					"bits_per_second":	1.573669e+09,
					"retransmits":	0,
					"snd_cwnd":	1925840,
					"rtt":	12165,
					"omitted":	false
				}],
			"sum":	{
				"start":	0,
				"end":	10.004994,
				"seconds":	10.004994,
				"bytes":	1968068336,
				"bits_per_second":	1.573669e+09,
				"retransmits":	0,
				"omitted":	false
			}
		}, {
			"streams":	[{
					"socket":	5,
					"start":	10.004994,
					"end":	20.001426,
					"seconds":	9.996431,
					"bytes":	1175894344,
					"bits_per_second":	941051303.406763,
					"retransmits":	0,
					"snd_cwnd":	1925840,
					"rtt":	4521,
					"omitted":	false
				}],
			"sum":	{
				"start":	10.004994,
				"end":	20.001426,
				"seconds":	9.996431,
				"bytes":	1175894344,
				"bits_per_second":	941051303.406763,
				"retransmits":	0,
				"omitted":	false
			}
		}, {
			"streams":	[{
					"socket":	5,
					"start":	20.001426,
					"end":	30.004103,
					"seconds":	10.002677,
					"bytes":	1381170800,
					"bits_per_second":	1.104641e+09,
					"retransmits":	0,
					"snd_cwnd":	1925840,
					"rtt":	6135,
					"omitted":	false
				}],
			"sum":	{
				"start":	20.001426,
				"end":	30.004103,
				"seconds":	10.002677,
				"bytes":	1381170800,
				"bits_per_second":	1.104641e+09,
				"retransmits":	0,
				"omitted":	false
			}
		}, {
			"streams":	[{
					"socket":	5,
					"start":	30.004103,
					"end":	40.000064,
					"seconds":	9.995961,
					"bytes":	1942449624,
					"bits_per_second":	1.554588e+09,
					"retransmits":	0,
					"snd_cwnd":	1925840,
					"rtt":	5952,
					"omitted":	false
				}],
			"sum":	{
				"start":	30.004103,
				"end":	40.000064,
				"seconds":	9.995961,
				"bytes":	1942449624,
				"bits_per_second":	1.554588e+09,
				"retransmits":	0,
				"omitted":	false
			}
		}, {
			"streams":	[{
					"socket":	5,
					"start":	40.000064,
					"end":	50.002203,
					"seconds":	10.002139,
					"bytes":	1825284760,
					"bits_per_second":	1.459916e+09,
					"retransmits":	0,
					"snd_cwnd":	1925840,
					"rtt":	2601,
					"omitted":	false
				}],
			"sum":	{
				"start":	40.000064,
				"end":	50.002203,
				"seconds":	10.002139,
				"bytes":	1825284760,
				"bits_per_second":	1.459916e+09,
				"retransmits":	0,
				"omitted":	false
			}
		}, {
			"streams":	[{
					"socket":	5,
					"start":	50.002203,
					"end":	60.002499,
					"seconds":	10.000296,
					"bytes":	1311719408,
					"bits_per_second":	1.049345e+09,
					"retransmits":	0,
					"snd_cwnd":	1925840,
					"rtt":	6808,
					"omitted":	false
				}],
			"sum":	{
				"start":	50.002203,
				"end":	60.002499,
				"seconds":	10.000296,
				"bytes":	1311719408,
				"bits_per_second":	1.049345e+09,
				"retransmits":	0,
				"omitted":	false
			}
		}, {
			"streams":	[{
					"socket":	5,
					"start":	60.002499,
					"end":	70.002410,
					"seconds":	9.999911,
					"bytes":	1669786672,
					"bits_per_second":	1.335841e+09,
					"retransmits":	0,
					"snd_cwnd":	1925840,
					"rtt":	1422,
					"omitted":	false
				}],
			"sum":	{
				"start":	60.002499,
				"end":	70.002410,
				"seconds":	9.999911,
				"bytes":	1669786672,
				"bits_per_second":	1.335841e+09,
				"retransmits":	0,
				"omitted":	false
			}
		}, {
			"streams":	[{
					"socket":	5,
					"start":	70.002410,
					"end":	80.001280,
					"seconds":	9.998870,
					"bytes":	1725506608,
					"bits_per_second":	1.380561e+09,
					"retransmits":	0,
					"snd_cwnd":	1925840,
					"rtt":	6451,
					"omitted":	false
				}],
			"sum":	{
				"start":	70.002410,
				"end":	80.001280,
				"seconds":	9.998870,
				"bytes":	1725506608,
				"bits_per_second":	1.380561e+09,
				"retransmits":	0,
				"omitted":	false
			}
		}, {
			"streams":	[{
					"socket":	5,
					"start":	80.001280,
					"end":	90.003174,
					"seconds":	10.001894,
					"bytes":	1762838528,
					"bits_per_second":	1.410004e+09,
					"retransmits":	0,
					"snd_cwnd":	1925840,
					"rtt":	6688,
					"omitted":	false
				}],
			"sum":	{
				"start":	80.001280,
				"end":	90.003174,
				"seconds":	10.001894,
				"bytes":	1762838528,
				"bits_per_second":	1.410004e+09,
				"retransmits":	0,
				"omitted":	false
			}
		}, {
			"streams":	[{
					"socket":	5,
					"start":	90.003174,
					"end":	100.001868,
					"seconds":	9.998693,
					"bytes":	1876457560,
					"bits_per_second":	1.501362e+09,
					"retransmits":	0,
					"snd_cwnd":	1925840,
					"rtt":	1571,
					"omitted":	false
				}],
			"sum":	{
				"start":	90.003174,
				"end":	100.001868,
				"seconds":	9.998693,
				"bytes":	1876457560,
				"bits_per_second":	1.501362e+09,
				"retransmits":	0,
				"omitted":	false
			}
		}, {
			"streams":	[{
					"socket":	5,
					"start":	100.001868,
					"end":	110.001078,
					"seconds":	9.999210,
					"bytes":	1811639584,
					"bits_per_second":	1.449426e+09,
					"retransmits":	0,
					"snd_cwnd":	1925840,
					"rtt":	2108,
					"omitted":	false
				}],
			"sum":	{
				"start":	100.001868,
				"end":	110.001078,
				"seconds":	9.999210,
				"bytes":	1811639584,
				"bits_per_second":	1.449426e+09,
				"retransmits":	0,
				"omitted":	false
			}
		}, {
			"streams":	[{
					"socket":	5,
					"start":	110.001078,
					"end":	120.002822,
					"seconds":	10.001744,
					"bytes":	1850632432,
					"bits_per_second":	1.480248e+09,
					"retransmits":	0,
					"snd_cwnd":	1925840,
					"rtt":	4836,
					"omitted":	false
				}],
			"sum":	{
				"start":	110.001078,
				"end":	120.002822,
				"seconds":	10.001744,
				"bytes":	1850632432,
				"bits_per_second":	1.480248e+09,
				"retransmits":	0,
				"omitted":	false
			}
		}, {
			"streams":	[{
					"socket":	5,
					"start":	120.002822,
					"end":	130.000556,
					"seconds":	9.997734,
					"bytes":	2001501824,
					"bits_per_second":	1.601564e+09,
					"retransmits":	0,
					"snd_cwnd":	1925840,
					"rtt":	4166,
					"omitted":	false
				}],
			"sum":	{
				"start":	120.002822,
				"end":	130.000556,
				"seconds":	9.997734,
				"bytes":	2001501824,
				"bits_per_second":	1.601564e+09,
				"retransmits":	0,
				"omitted":	false
			}
		}, {
			"streams":	[{
					"socket":	5,
					"start":	130.000556,
					"end":	140.001566,
					"seconds":	10.001010,
					"bytes":	2106227600,
					"bits_per_second":	1.684812e+09,
					"retransmits":	0,
					"snd_cwnd":	1925840,
					"rtt":	2086,
					"omitted":	false
				}],
			"sum":	{
				"start":	130.000556,
				"end":	140.001566,
				"seconds":	10.001010,
				"bytes":	2106227600,
				"bits_per_second":	1.684812e+09,
				"retransmits":	0,
				"omitted":	false
			}
		}, {
			"streams":	[{
					"socket":	5,
					"start":	140.001566,
					"end":	150.002364,
					"seconds":	10.000798,
					"bytes":	1924013056,
					"bits_per_second":	1.539088e+09,
					"retransmits":	0,
					"snd_cwnd":	1925840,
					"rtt":	7045,
					"omitted":	false
				}],
			"sum":	{
				"start":	140.001566,
				"end":	150.002364,
				"seconds":	10.000798,
				"bytes":	1924013056,
				"bits_per_second":	1.539088e+09,
				"retransmits":	0,
				"omitted":	false
			}
		}, {
			"streams":	[{
					"socket":	5,
					"start":	150.002364,
					"end":	160.001581,
					"seconds":	9.999217,
					"bytes":	2053629104,
					"bits_per_second":	1.643032e+09,
					"retransmits":	0,