{
	"start":	{
		"connected":	[{
				"socket":	5,
				"local_host":	"192.168.100.1",
				"local_port":	58430,
				"remote_host":	"192.168.100.2",
				"remote_port":	5201
			}],
		"version":	"iperf 3.1.4",
		"system_info":	"Linux TALON-CLIENT 4.4.71 #0 SMP Thu Jun 8 21:02:37 2017 armv7l",
		"timestamp":	{
			"time":	"Thu, 30 Nov 2017 11:30:56 GMT",
			"timesecs":	1512041456
		},
		"connecting_to":	{
			"host":	"192.168.100.2",
			"port":	5201
		},
		"cookie":	"TALON-CLIENT.1512041455.735797.1d3cc",
		"tcp_mss_default":	1448,
		"test_start":	{
			"protocol":	"TCP",
			"num_streams":	1,
			"blksize":	131072,
			"omit":	0,
			"duration":	240,
			"bytes":	0,
			"blocks":	0,
			"reverse":	0
		}
	},
	"intervals":	[{
			"streams":	[{
					"socket":	5,
					"start":	0,
					"end":	10.002405,
					"seconds":	10.002405,
					"bytes":	1855462744,
					"bits_per_second":	1.484013e+09,
					"retransmits":	0,
					"snd_cwnd":	1980864,
					"rtt":	1475,
					"omitted":	false
				}],
			"sum":	{
				"start":	0,
				"end":	10.002405,
				"seconds":	10.002405,
				"bytes":	1855462744,
				"bits_per_second":	1.484013e+09,
				"retransmits":	0,
				"omitted":	false
			}
		}, {
			"streams":	[{
					"socket":	5,
					"start":	10.002405,
					"end":	20.001846,
					"seconds":	9.999441,
					"bytes":	1916115984,
					"bits_per_second":	1.532978e+09,
					"retransmits":	16,
					"snd_cwnd":	1949008,
					"rtt":	3637,
					"omitted":	false
				}],
			"sum":	{
				"start":	10.002405,
				"end":	20.001846,
				"seconds":	9.999441,
				"bytes":	1916115984,
				"bits_per_second":	1.532978e+09,
				"retransmits":	16,
				"omitted":	false
			}
		}, {
			"streams":	[{
					"socket":	5,
					"start":	20.001846,
					"end":	30.002166,
					"seconds":	10.000320,
					"bytes":	1947659952,
					"bits_per_second":	1.558078e+09,
					"retransmits":	0,
					"snd_cwnd":	1949008,
					"rtt":	1421,
					"omitted":	false
				}],
			"sum":	{
				"start":	20.001846,
				"end":	30.002166,
				"seconds":	10.000320,
				"bytes":	1947659952,
				"bits_per_second":	1.558078e+09,
				"retransmits":	0,
				"omitted":	false
			}
		}, {
			"streams":	[{
					"socket":	5,
					"start":	30.002166,
					"end":	40.001490,
					"seconds":	9.999324,
					"bytes":	1973440656,
					"bits_per_second":	1.578859e+09,
					"retransmits":	0,
					"snd_cwnd":	1949008,
					"rtt":	1337,
					"omitted":	false
				}],
			"sum":	{
				"start":	30.002166,
				"end":	40.001490,
				"seconds":	9.999324,
				"bytes":	1973440656,
				"bits_per_second":	1.578859e+09,
				"retransmits":	0,
				"omitted":	false
			}
		}, {
			"streams":	[{
					"socket":	5,
					"start":	40.001490,
					"end":	50.001228,
					"seconds":	9.999738,
					"bytes":	1936334960,
					"bits_per_second":	1.549109e+09,
					"retransmits":	0,
					"snd_cwnd":	1949008,
					"rtt":	1465,
					"omitted":	false
				}],
			"sum":	{
				"start":	40.001490,
				"end":	50.001228,
				"seconds":	9.999738,
				"bytes":	1936334960,
				"bits_per_second":	1.549109e+09,
				"retransmits":	0,
				"omitted":	false
			}
		}, {
			"streams":	[{
					"socket":	5,
					"start":	50.001228,
					"end":	60.002479,
					"seconds":	10.001251,
					"bytes":	1948614392,
					"bits_per_second":	1.558696e+09,
					"retransmits":	0,
					"snd_cwnd":	1949008,
					"rtt":	4615,
					"omitted":	false
				}],
			"sum":	{
				"start":	50.001228,
				"end":	60.002479,
				"seconds":	10.001251,
				"bytes":	1948614392,
				"bits_per_second":	1.558696e+09,
				"retransmits":	0,
				"omitted":	false
			}
		}, {
			"streams":	[{
					"socket":	5,
					"start":	60.002479,
					"end":	70.001614,
					"seconds":	9.999135,
					"bytes":	1937212912,
					"bits_per_second":	1.549904e+09,
					"retransmits":	0,
					"snd_cwnd":	1949008,
					"rtt":	9404,
					"omitted":	false
				}],
			"sum":	{
				"start":	60.002479,
				"end":	70.001614,
				"seconds":	9.999135,
				"bytes":	1937212912,
				"bits_per_second":	1.549904e+09,
				"retransmits":	0,
				"omitted":	false
			}
		}, {
			"streams":	[{
					"socket":	5,
					"start":	70.001614,
					"end":	80.002012,
					"seconds":	10.000398,
					"bytes":	1988250352,
					"bits_per_second":	1.590537e+09,
					"retransmits":	0,
					"snd_cwnd":	1949008,
					"rtt":	1434,
					"omitted":	false
				}],
			"sum":	{
				"start":	70.001614,
				"end":	80.002012,
				"seconds":	10.000398,
				"bytes":	1988250352,
				"bits_per_second":	1.590537e+09,
				"retransmits":	0,
				"omitted":	false
			}
		}, {
			"streams":	[{
					"socket":	5,
					"start":	80.002012,
					"end":	90.000519,
					"seconds":	9.998507,
					"bytes":	1963392336,
					"bits_per_second":	1.570948e+09,
					"retransmits":	8,
					"snd_cwnd":	1624656,
					"rtt":	1537,
					"omitted":	false
				}],
			"sum":	{
				"start":	80.002012,
				"end":	90.000519,
				"seconds":	9.998507,
				"bytes":	1963392336,
				"bits_per_second":	1.570948e+09,
				"retransmits":	8,
				"omitted":	false
			}
		}, {
			"streams":	[{
					"socket":	5,
					"start":	90.000519,
					"end":	100.001502,
					"seconds":	10.000983,
					"bytes":	1972061680,
					"bits_per_second":	1.577494e+09,
					"retransmits":	0,
					"snd_cwnd":	1805656,
					"rtt":	1856,
					"omitted":	false
				}],
			"sum":	{
				"start":	90.000519,
				"end":	100.001502,
				"seconds":	10.000983,
				"bytes":	1972061680,
				"bits_per_second":	1.577494e+09,
				"retransmits":	0,
				"omitted":	false
			}
		}, {
			"streams":	[{
					"socket":	5,
					"start":	100.001502,
					"end":	110.002379,
					"seconds":	10.000877,
					"bytes":	1917499400,
					"bits_per_second":	1.533865e+09,
					"retransmits":	0,
					"snd_cwnd":	2032992,
					"rtt":	2857,
					"omitted":	false
				}],
			"sum":	{
				"start":	100.001502,
				"end":	110.002379,
				"seconds":	10.000877,
				"bytes":	1917499400,
				"bits_per_second":	1.533865e+09,
				"retransmits":	0,
				"omitted":	false
			}
		}, {
			"streams":	[{
					"socket":	5,
					"start":	110.002379,
					"end":	120.003657,
					"seconds":	10.001278,
					"bytes":	1921367512,
					"bits_per_second":	1.536898e+09,
					"retransmits":	0,
					"snd_cwnd":	2032992,
					"rtt":	1395,
					"omitted":	false
				}],
			"sum":	{
				"start":	110.002379,
				"end":	120.003657,
				"seconds":	10.001278,
				"bytes":	1921367512,
				"bits_per_second":	1.536898e+09,
				"retransmits":	0,
				"omitted":	false
			}
		}, {
			"streams":	[{
					"socket":	5,
					"start":	120.003657,
					"end":	130.001636,
					"seconds":	9.997979,
					"bytes":	1922230872,
					"bits_per_second":	1.538096e+09,
					"retransmits":	16,
					"snd_cwnd":	1921496,
					"rtt":	1357,
					"omitted":	false
				}],
			"sum":	{
				"start":	120.003657,
				"end":	130.001636,
				"seconds":	9.997979,
				"bytes":	1922230872,
				"bits_per_second":	1.538096e+09,
				"retransmits":	16,
				"omitted":	false
			}
		}, {
			"streams":	[{
					"socket":	5,
					"start":	130.001636,
					"end":	140.000821,
					"seconds":	9.999186,
					"bytes":	1938705480,
					"bits_per_second":	1.551091e+09,
					"retransmits":	0,
					"snd_cwnd":	1921496,
					"rtt":	2785,
					"omitted":	false
				}],
			"sum":	{
				"start":	130.001636,
				"end":	140.000821,
				"seconds":	9.999186,
				"bytes":	1938705480,
				"bits_per_second":	1.551091e+09,
				"retransmits":	0,
				"omitted":	false
			}
		}, {
			"streams":	[{
					"socket":	5,
					"start":	140.000821,
					"end":	150.002798,
					"seconds":	10.001977,
					"bytes":	1917468560,
					"bits_per_second":	1.533672e+09,
					"retransmits":	0,
					"snd_cwnd":	1921496,
					"rtt":	4725,
					"omitted":	false
				}],
			"sum":	{
				"start":	140.000821,
				"end":	150.002798,
				"seconds":	10.001977,
				"bytes":	1917468560,
				"bits_per_second":	1.533672e+09,
				"retransmits":	0,
				"omitted":	false
			}
		}, {
			"streams":	[{
					"socket":	5,
					"start":	150.002798,
					"end":	160.001384,
					"seconds":	9.998586,
					"bytes":	1963127760,
					"bits_per_second":	1.570724e+09,
					"retransmits":	0,