{
	"start":	{
		"connected":	[{
				"socket":	5,
				"local_host":	"192.168.100.1",
				"local_port":	58434,
				"remote_host":	"192.168.100.2",
				"remote_port":	5201
			}],
		"version":	"iperf 3.1.4",
		"system_info":	"Linux TALON-CLIENT 4.4.71 #0 SMP Thu Jun 8 21:02:37 2017 armv7l",
		"timestamp":	{
			"time":	"Thu, 30 Nov 2017 11:35:41 GMT",
			"timesecs":	1512041741
		},
		"connecting_to":	{
			"host":	"192.168.100.2",
			"port":	5201
		},
		"cookie":	"TALON-CLIENT.1512041741.268831.7f661",
		"tcp_mss_default":	1448,
		"test_start":	{
			"protocol":	"TCP",
			"num_streams":	1,
			"blksize":	131072,
			"omit":	0,
			"duration":	240,
			"bytes":	0,
			"blocks":	0,
			"reverse":	0
		}
	},
	"intervals":	[{
			"streams":	[{
					"socket":	5,
					"start":	0,
					"end":	10.002360,
					"seconds":	10.002360,
					"bytes":	1788334056,
					"bits_per_second":	1.430330e+09,
					"retransmits":	0,
					"snd_cwnd":	1962040,
					"rtt":	5524,
					"omitted":	false
				}],
			"sum":	{
				"start":	0,
				"end":	10.002360,
				"seconds":	10.002360,
				"bytes":	1788334056,
				"bits_per_second":	1.430330e+09,
				"retransmits":	0,
				"omitted":	false
			}
		}, {
			"streams":	[{
					"socket":	5,
					"start":	10.002360,
					"end":	20.001591,
					"seconds":	9.999231,
					"bytes":	1757593520,
					"bits_per_second":	1.406183e+09,
					"retransmits":	16,
					"snd_cwnd":	1921496,
					"rtt":	3049,
					"omitted":	false
				}],
			"sum":	{
				"start":	10.002360,
				"end":	20.001591,
				"seconds":	9.999231,
				"bytes":	1757593520,
				"bits_per_second":	1.406183e+09,
				"retransmits":	16,
				"omitted":	false
			}
		}, {
			"streams":	[{
					"socket":	5,
					"start":	20.001591,
					"end":	30.002034,
					"seconds":	10.000443,
					"bytes":	1801979360,
					"bits_per_second":	1.441520e+09,
					"retransmits":	0,
					"snd_cwnd":	1921496,
					"rtt":	3068,
					"omitted":	false
				}],
			"sum":	{
				"start":	20.001591,
				"end":	30.002034,
				"seconds":	10.000443,
				"bytes":	1801979360,
				"bits_per_second":	1.441520e+09,
				"retransmits":	0,
				"omitted":	false
			}
		}, {
			"streams":	[{
					"socket":	5,
					"start":	30.002034,
					"end":	40.003940,
					"seconds":	10.001906,
					"bytes":	1946294120,
					"bits_per_second":	1.556739e+09,
					"retransmits":	16,
					"snd_cwnd":	1526192,
					"rtt":	1522,
					"omitted":	false
				}],
			"sum":	{
				"start":	30.002034,
				"end":	40.003940,
				"seconds":	10.001906,
				"bytes":	1946294120,
				"bits_per_second":	1.556739e+09,
				"retransmits":	16,
				"omitted":	false
			}
		}, {
			"streams":	[{
					"socket":	5,
					"start":	40.003940,
					"end":	50.001927,
					"seconds":	9.997987,
					"bytes":	1849386976,
					"bits_per_second":	1.479807e+09,
					"retransmits":	0,
					"snd_cwnd":	1676784,
					"rtt":	2460,
					"omitted":	false
				}],
			"sum":	{
				"start":	40.003940,
				"end":	50.001927,
				"seconds":	9.997987,
				"bytes":	1849386976,
				"bits_per_second":	1.479807e+09,
				"retransmits":	0,
				"omitted":	false
			}
		}, {
			"streams":	[{
					"socket":	5,
					"start":	50.001927,
					"end":	60.000152,
					"seconds":	9.998225,
					"bytes":	1859747904,
					"bits_per_second":	1.488062e+09,
					"retransmits":	0,
					"snd_cwnd":	2255984,
					"rtt":	1497,
					"omitted":	false
				}],
			"sum":	{
				"start":	50.001927,
				"end":	60.000152,
				"seconds":	9.998225,
				"bytes":	1859747904,
				"bits_per_second":	1.488062e+09,
				"retransmits":	0,
				"omitted":	false
			}
		}, {
			"streams":	[{
					"socket":	5,
					"start":	60.000152,
					"end":	70.001908,
					"seconds":	10.001756,
					"bytes":	1542602920,
					"bits_per_second":	1.233866e+09,
					"retransmits":	0,
					"snd_cwnd":	2255984,
					"rtt":	3588,
					"omitted":	false
				}],
			"sum":	{
				"start":	60.000152,
				"end":	70.001908,
				"seconds":	10.001756,
				"bytes":	1542602920,
				"bits_per_second":	1.233866e+09,
				"retransmits":	0,
				"omitted":	false
			}
		}, {
			"streams":	[{
					"socket":	5,
					"start":	70.001908,
					"end":	80.005278,
					"seconds":	10.003370,
					"bytes":	1779763656,
					"bits_per_second":	1.423331e+09,
					"retransmits":	0,
					"snd_cwnd":	2255984,
					"rtt":	1457,
					"omitted":	false
				}],
			"sum":	{
				"start":	70.001908,
				"end":	80.005278,
				"seconds":	10.003370,
				"bytes":	1779763656,
				"bits_per_second":	1.423331e+09,
				"retransmits":	0,
				"omitted":	false
			}
		}, {
			"streams":	[{
					"socket":	5,
					"start":	80.005278,
					"end":	90.003429,
					"seconds":	9.998151,
					"bytes":	1841514920,
					"bits_per_second":	1.473484e+09,
					"retransmits":	0,
					"snd_cwnd":	2255984,
					"rtt":	3379,
					"omitted":	false
				}],
			"sum":	{
				"start":	80.005278,
				"end":	90.003429,
				"seconds":	9.998151,
				"bytes":	1841514920,
				"bits_per_second":	1.473484e+09,
				"retransmits":	0,
				"omitted":	false
			}
		}, {
			"streams":	[{
					"socket":	5,
					"start":	90.003429,
					"end":	100.000387,
					"seconds":	9.996958,
					"bytes":	1854625872,
					"bits_per_second":	1.484152e+09,
					"retransmits":	0,
					"snd_cwnd":	2255984,
					"rtt":	1509,
					"omitted":	false
				}],
			"sum":	{
				"start":	90.003429,
				"end":	100.000387,
				"seconds":	9.996958,
				"bytes":	1854625872,
				"bits_per_second":	1.484152e+09,
				"retransmits":	0,
				"omitted":	false
			}
		}, {
			"streams":	[{
					"socket":	5,
					"start":	100.000387,
					"end":	110.000715,
					"seconds":	10.000328,
					"bytes":	1645162496,
					"bits_per_second":	1.316087e+09,
					"retransmits":	0,
					"snd_cwnd":	2255984,
					"rtt":	1746,
					"omitted":	false
				}],
			"sum":	{
				"start":	100.000387,
				"end":	110.000715,
				"seconds":	10.000328,
				"bytes":	1645162496,
				"bits_per_second":	1.316087e+09,
				"retransmits":	0,
				"omitted":	false
			}
		}, {
			"streams":	[{
					"socket":	5,
					"start":	110.000715,
					"end":	120.002370,
					"seconds":	10.001656,
					"bytes":	1662883200,
					"bits_per_second":	1.330086e+09,
					"retransmits":	0,
					"snd_cwnd":	2255984,
					"rtt":	2438,
					"omitted":	false
				}],
			"sum":	{
				"start":	110.000715,
				"end":	120.002370,
				"seconds":	10.001656,
				"bytes":	1662883200,
				"bits_per_second":	1.330086e+09,
				"retransmits":	0,
				"omitted":	false
			}
		}, {
			"streams":	[{
					"socket":	5,
					"start":	120.002370,
					"end":	130.000328,
					"seconds":	9.997958,
					"bytes":	1547926040,
					"bits_per_second":	1.238594e+09,
					"retransmits":	16,
					"snd_cwnd":	1905568,
					"rtt":	1356,
					"omitted":	false
				}],
			"sum":	{
				"start":	120.002370,
				"end":	130.000328,
				"seconds":	9.997958,
				"bytes":	1547926040,
				"bits_per_second":	1.238594e+09,
				"retransmits":	16,
				"omitted":	false
			}
		}, {
			"streams":	[{
					"socket":	5,
					"start":	130.000328,
					"end":	140.001924,
					"seconds":	10.001596,
					"bytes":	1748414416,
					"bits_per_second":	1.398508e+09,
					"retransmits":	19,
					"snd_cwnd":	1617416,
					"rtt":	5110,
					"omitted":	false
				}],
			"sum":	{
				"start":	130.000328,
				"end":	140.001924,
				"seconds":	10.001596,
				"bytes":	1748414416,
				"bits_per_second":	1.398508e+09,
				"retransmits":	19,
				"omitted":	false
			}
		}, {
			"streams":	[{
					"socket":	5,
					"start":	140.001924,
					"end":	150.001774,
					"seconds":	9.999850,
					"bytes":	1601637480,
					"bits_per_second":	1.281329e+09,
					"retransmits":	0,
					"snd_cwnd":	1905568,
					"rtt":	1342,
					"omitted":	false
				}],
			"sum":	{
				"start":	140.001924,
				"end":	150.001774,
				"seconds":	9.999850,
				"bytes":	1601637480,
				"bits_per_second":	1.281329e+09,
				"retransmits":	0,
				"omitted":	false
			}
		}, {
			"streams":	[{
					"socket":	5,
					"start":	150.001774,
					"end":	160.001369,
					"seconds":	9.999595,
					"bytes":	1751435640,
					"bits_per_second":	1.401205e+09,
					"retransmits":	0,