{
	"start":	{
		"connected":	[{
				"socket":	5,
				"local_host":	"192.168.100.1",
				"local_port":	58440,
				"remote_host":	"192.168.100.2",
				"remote_port":	5201
			}],
		"version":	"iperf 3.1.4",
		"system_info":	"Linux TALON-CLIENT 4.4.71 #0 SMP Thu Jun 8 21:02:37 2017 armv7l",
		"timestamp":	{
			"time":	"Thu, 30 Nov 2017 11:45:56 GMT",
			"timesecs":	1512042356
		},
		"connecting_to":	{
			"host":	"192.168.100.2",
			"port":	5201
		},
		"cookie":	"TALON-CLIENT.1512042356.037375.40065",
		"tcp_mss_default":	1448,
		"test_start":	{
			"protocol":	"TCP",
			"num_streams":	1,
			"blksize":	131072,
			"omit":	0,
			"duration":	240,
			"bytes":	0,
			"blocks":	0,
			"reverse":	0
		}
	},
	"intervals":	[{
			"streams":	[{
					"socket":	5,
					"start":	0,
					"end":	10.003411,
					"seconds":	10.003411,
					"bytes":	1059280752,
					"bits_per_second":	847135618.816825,
					"retransmits":	0,
					"snd_cwnd":	1799864,
					"rtt":	1953,
					"omitted":	false
				}],
			"sum":	{
				"start":	0,
				"end":	10.003411,
				"seconds":	10.003411,
				"bytes":	1059280752,
				"bits_per_second":	847135618.816825,
				"retransmits":	0,
				"omitted":	false
			}
		}, {
			"streams":	[{
					"socket":	5,
					"start":	10.003411,
					"end":	20.001523,
					"seconds":	9.998112,
					"bytes":	1012603080,
					"bits_per_second":	810235458.747955,
					"retransmits":	0,
					"snd_cwnd":	1892536,
					"rtt":	6493,
					"omitted":	false
				}],
			"sum":	{
				"start":	10.003411,
				"end":	20.001523,
				"seconds":	9.998112,
				"bytes":	1012603080,
				"bits_per_second":	810235458.747955,
				"retransmits":	0,
				"omitted":	false
			}
		}, {
			"streams":	[{
					"socket":	5,
					"start":	20.001523,
					"end":	30.002027,
					"seconds":	10.000504,
					"bytes":	1101790440,
					"bits_per_second":	881387970.586686,
					"retransmits":	0,
					"snd_cwnd":	1924392,
					"rtt":	1964,
					"omitted":	false
				}],
			"sum":	{
				"start":	20.001523,
				"end":	30.002027,
				"seconds":	10.000504,
				"bytes":	1101790440,
				"bits_per_second":	881387970.586686,
				"retransmits":	0,
				"omitted":	false
			}
		}, {
			"streams":	[{
					"socket":	5,
					"start":	30.002027,
					"end":	40.002969,
					"seconds":	10.000942,
					"bytes":	1138999840,
					"bits_per_second":	911114024.082844,
					"retransmits":	0,
					"snd_cwnd":	1924392,
					"rtt":	2369,
					"omitted":	false
				}],
			"sum":	{
				"start":	30.002027,
				"end":	40.002969,
				"seconds":	10.000942,
				"bytes":	1138999840,
				"bits_per_second":	911114024.082844,
				"retransmits":	0,
				"omitted":	false
			}
		}, {
			"streams":	[{
					"socket":	5,
					"start":	40.002969,
					"end":	50.033926,
					"seconds":	10.030957,
					"bytes":	1197898400,
					"bits_per_second":	955361187.165320,
					"retransmits":	0,
					"snd_cwnd":	1924392,
					"rtt":	3116,
					"omitted":	false
				}],
			"sum":	{
				"start":	40.002969,
				"end":	50.033926,
				"seconds":	10.030957,
				"bytes":	1197898400,
				"bits_per_second":	955361187.165320,
				"retransmits":	0,
				"omitted":	false
			}
		}, {
			"streams":	[{
					"socket":	5,
					"start":	50.033926,
					"end":	60.001582,
					"seconds":	9.967656,
					"bytes":	1015192800,
					"bits_per_second":	814789584.386527,
					"retransmits":	0,
					"snd_cwnd":	1924392,
					"rtt":	2226,
					"omitted":	false
				}],
			"sum":	{
				"start":	50.033926,
				"end":	60.001582,
				"seconds":	9.967656,
				"bytes":	1015192800,
				"bits_per_second":	814789584.386527,
				"retransmits":	0,
				"omitted":	false
			}
		}, {
			"streams":	[{
					"socket":	5,
					"start":	60.001582,
					"end":	70.001690,
					"seconds":	10.000108,
					"bytes":	1008285840,
					"bits_per_second":	806619979.443840,
					"retransmits":	0,
					"snd_cwnd":	1924392,
					"rtt":	7414,
					"omitted":	false
				}],
			"sum":	{
				"start":	60.001582,
				"end":	70.001690,
				"seconds":	10.000108,
				"bytes":	1008285840,
				"bits_per_second":	806619979.443840,
				"retransmits":	0,
				"omitted":	false
			}
		}, {
			"streams":	[{
					"socket":	5,
					"start":	70.001690,
					"end":	80.001911,
					"seconds":	10.000221,
					"bytes":	957656520,
					"bits_per_second":	766108265.667584,
					"retransmits":	0,
					"snd_cwnd":	1924392,
					"rtt":	2567,
					"omitted":	false
				}],
			"sum":	{
				"start":	70.001690,
				"end":	80.001911,
				"seconds":	10.000221,
				"bytes":	957656520,
				"bits_per_second":	766108265.667584,
				"retransmits":	0,
				"omitted":	false
			}
		}, {
			"streams":	[{
					"socket":	5,
					"start":	80.001911,
					"end":	90.003688,
					"seconds":	10.001777,
					"bytes":	1041778080,
					"bits_per_second":	833274416.530098,
					"retransmits":	0,
					"snd_cwnd":	1924392,
					"rtt":	2850,
					"omitted":	false
				}],
			"sum":	{
				"start":	80.001911,
				"end":	90.003688,
				"seconds":	10.001777,
				"bytes":	1041778080,
				"bits_per_second":	833274416.530098,
				"retransmits":	0,
				"omitted":	false
			}
		}, {
			"streams":	[{
					"socket":	5,
					"start":	90.003688,
					"end":	100.013374,
					"seconds":	10.009686,
					"bytes":	1216335400,
					"bits_per_second":	972126765.031580,
					"retransmits":	0,
					"snd_cwnd":	1924392,
					"rtt":	3165,
					"omitted":	false
				}],
			"sum":	{
				"start":	90.003688,
				"end":	100.013374,
				"seconds":	10.009686,
				"bytes":	1216335400,
				"bits_per_second":	972126765.031580,
				"retransmits":	0,
				"omitted":	false
			}
		}, {
			"streams":	[{
					"socket":	5,
					"start":	100.013374,
					"end":	110.001408,
					"seconds":	9.988034,
					"bytes":	1098295680,
					"bits_per_second":	879689158.199441,
					"retransmits":	0,
					"snd_cwnd":	1924392,
					"rtt":	2933,
					"omitted":	false
				}],
			"sum":	{
				"start":	100.013374,
				"end":	110.001408,
				"seconds":	9.988034,
				"bytes":	1098295680,
				"bits_per_second":	879689158.199441,
				"retransmits":	0,
				"omitted":	false
			}
		}, {
			"streams":	[{
					"socket":	5,
					"start":	110.001408,
					"end":	120.001150,
					"seconds":	9.999743,
					"bytes":	934963280,
					"bits_per_second":	747989884.146019,
					"retransmits":	0,
					"snd_cwnd":	1924392,
					"rtt":	2418,
					"omitted":	false
				}],
			"sum":	{
				"start":	110.001408,
				"end":	120.001150,
				"seconds":	9.999743,
				"bytes":	934963280,
				"bits_per_second":	747989884.146019,
				"retransmits":	0,
				"omitted":	false
			}
		}, {
			"streams":	[{
					"socket":	5,
					"start":	120.001150,
					"end":	130.000670,
					"seconds":	9.999520,
					"bytes":	1101008520,
					"bits_per_second":	880849070.169683,
					"retransmits":	33,
					"snd_cwnd":	1834616,
					"rtt":	2402,
					"omitted":	false
				}],
			"sum":	{
				"start":	120.001150,
				"end":	130.000670,
				"seconds":	9.999520,
				"bytes":	1101008520,
				"bits_per_second":	880849070.169683,
				"retransmits":	33,
				"omitted":	false
			}
		}, {
			"streams":	[{
					"socket":	5,
					"start":	130.000670,
					"end":	140.001259,
					"seconds":	10.000589,
					"bytes":	1033307280,
					"bits_per_second":	826597106.786179,
					"retransmits":	0,
					"snd_cwnd":	2240056,
					"rtt":	2935,
					"omitted":	false
				}],
			"sum":	{
				"start":	130.000670,
				"end":	140.001259,
				"seconds":	10.000589,
				"bytes":	1033307280,
				"bits_per_second":	826597106.786179,
				"retransmits":	0,
				"omitted":	false
			}
		}, {
			"streams":	[{
					"socket":	5,
					"start":	140.001259,
					"end":	150.003336,
					"seconds":	10.002077,
					"bytes":	1083879160,
					"bits_per_second":	866923259.139144,
					"retransmits":	0,
					"snd_cwnd":	2240056,
					"rtt":	2807,
					"omitted":	false
				}],
			"sum":	{
				"start":	140.001259,
				"end":	150.003336,
				"seconds":	10.002077,
				"bytes":	1083879160,
				"bits_per_second":	866923259.139144,
				"retransmits":	0,
				"omitted":	false
			}
		}, {
			"streams":	[{
					"socket":	5,
					"start":	150.003336,
					"end":	160.001549,