{
	"start":	{
		"connected":	[{
				"socket":	5,
				"local_host":	"192.168.100.1",
				"local_port":	35090,
				"remote_host":	"192.168.100.2",
				"remote_port":	5201
			}],
		"version":	"iperf 3.1.4",
		"system_info":	"Linux TALON-CLIENT 4.4.71 #0 SMP Thu Jun 8 21:02:37 2017 armv7l",
		"timestamp":	{
			"time":	"Thu, 30 Nov 2017 12:04:03 GMT",
			"timesecs":	1512043443
		},
		"connecting_to":	{
			"host":	"192.168.100.2",
			"port":	5201
		},
		"cookie":	"TALON-CLIENT.1512043443.400610.5a2df",
		"tcp_mss_default":	1448,
		"test_start":	{
			"protocol":	"TCP",
			"num_streams":	1,
			"blksize":	131072,
			"omit":	0,
			"duration":	240,
			"bytes":	0,
			"blocks":	0,
			"reverse":	0
		}
	},
	"intervals":	[{
			"streams":	[{
					"socket":	5,
					"start":	0,
					"end":	10.001297,
					"seconds":	10.001297,
					"bytes":	1931536968,
					"bits_per_second":	1.545029e+09,
					"retransmits":	0,
					"snd_cwnd":	1909912,
					"rtt":	1361,
					"omitted":	false
				}],
			"sum":	{
				"start":	0,
				"end":	10.001297,
				"seconds":	10.001297,
				"bytes":	1931536968,
				"bits_per_second":	1.545029e+09,
				"retransmits":	0,
				"omitted":	false
			}
		}, {
			"streams":	[{
					"socket":	5,
					"start":	10.001297,
					"end":	20.000854,
					"seconds":	9.999557,
					"bytes":	1912302080,
					"bits_per_second":	1.529909e+09,
					"retransmits":	0,
					"snd_cwnd":	1909912,
					"rtt":	2007,
					"omitted":	false
				}],
			"sum":	{
				"start":	10.001297,
				"end":	20.000854,
				"seconds":	9.999557,
				"bytes":	1912302080,
				"bits_per_second":	1.529909e+09,
				"retransmits":	0,
				"omitted":	false
			}
		}, {
			"streams":	[{
					"socket":	5,
					"start":	20.000854,
					"end":	30.000695,
					"seconds":	9.999841,
					"bytes":	1909756824,
					"bits_per_second":	1.527830e+09,
					"retransmits":	0,
					"snd_cwnd":	1909912,
					"rtt":	3487,
					"omitted":	false
				}],
			"sum":	{
				"start":	20.000854,
				"end":	30.000695,
				"seconds":	9.999841,
				"bytes":	1909756824,
				"bits_per_second":	1.527830e+09,
				"retransmits":	0,
				"omitted":	false
			}
		}, {
			"streams":	[{
					"socket":	5,
					"start":	30.000695,
					"end":	40.001367,
					"seconds":	10.000672,
					"bytes":	1898306280,
					"bits_per_second":	1.518543e+09,
					"retransmits":	16,
					"snd_cwnd":	1849096,
					"rtt":	1973,
					"omitted":	false
				}],
			"sum":	{
				"start":	30.000695,
				"end":	40.001367,
				"seconds":	10.000672,
				"bytes":	1898306280,
				"bits_per_second":	1.518543e+09,
				"retransmits":	16,
				"omitted":	false
			}
		}, {
			"streams":	[{
					"socket":	5,
					"start":	40.001367,
					"end":	50.001244,
					"seconds":	9.999877,
					"bytes":	1958905080,
					"bits_per_second":	1.567143e+09,
					"retransmits":	0,
					"snd_cwnd":	1905568,
					"rtt":	5283,
					"omitted":	false
				}],
			"sum":	{
				"start":	40.001367,
				"end":	50.001244,
				"seconds":	9.999877,
				"bytes":	1958905080,
				"bits_per_second":	1.567143e+09,
				"retransmits":	0,
				"omitted":	false
			}
		}, {
			"streams":	[{
					"socket":	5,
					"start":	50.001244,
					"end":	60.002117,
					"seconds":	10.000874,
					"bytes":	1905657480,
					"bits_per_second":	1.524393e+09,
					"retransmits":	0,
					"snd_cwnd":	1905568,
					"rtt":	1469,
					"omitted":	false
				}],
			"sum":	{
				"start":	50.001244,
				"end":	60.002117,
				"seconds":	10.000874,
				"bytes":	1905657480,
				"bits_per_second":	1.524393e+09,
				"retransmits":	0,
				"omitted":	false
			}
		}, {
			"streams":	[{
					"socket":	5,
					"start":	60.002117,
					"end":	70.002093,
					"seconds":	9.999976,
					"bytes":	1968654360,
					"bits_per_second":	1.574927e+09,
					"retransmits":	0,
					"snd_cwnd":	1905568,
					"rtt":	1312,
					"omitted":	false
				}],
			"sum":	{
				"start":	60.002117,
				"end":	70.002093,
				"seconds":	9.999976,
				"bytes":	1968654360,
				"bits_per_second":	1.574927e+09,
				"retransmits":	0,
				"omitted":	false
			}
		}, {
			"streams":	[{
					"socket":	5,
					"start":	70.002093,
					"end":	80.000597,
					"seconds":	9.998504,
					"bytes":	1967275680,
					"bits_per_second":	1.574056e+09,
					"retransmits":	0,
					"snd_cwnd":	1905568,
					"rtt":	1469,
					"omitted":	false
				}],
			"sum":	{
				"start":	70.002093,
				"end":	80.000597,
				"seconds":	9.998504,
				"bytes":	1967275680,
				"bits_per_second":	1.574056e+09,
				"retransmits":	0,
				"omitted":	false
			}
		}, {
			"streams":	[{
					"socket":	5,
					"start":	80.000597,
					"end":	90.001340,
					"seconds":	10.000743,
					"bytes":	1986369920,
					"bits_per_second":	1.588978e+09,
					"retransmits":	0,
					"snd_cwnd":	1905568,
					"rtt":	1359,
					"omitted":	false
				}],
			"sum":	{
				"start":	80.000597,
				"end":	90.001340,
				"seconds":	10.000743,
				"bytes":	1986369920,
				"bits_per_second":	1.588978e+09,
				"retransmits":	0,
				"omitted":	false
			}
		}, {
			"streams":	[{
					"socket":	5,
					"start":	90.001340,
					"end":	100.003071,
					"seconds":	10.001731,
					"bytes":	1950281960,
					"bits_per_second":	1.559956e+09,
					"retransmits":	0,
					"snd_cwnd":	1905568,
					"rtt":	1301,
					"omitted":	false
				}],
			"sum":	{
				"start":	90.001340,
				"end":	100.003071,
				"seconds":	10.001731,
				"bytes":	1950281960,
				"bits_per_second":	1.559956e+09,
				"retransmits":	0,
				"omitted":	false
			}
		}, {
			"streams":	[{
					"socket":	5,
					"start":	100.003071,
					"end":	110.002386,
					"seconds":	9.999315,
					"bytes":	1926547920,
					"bits_per_second":	1.541344e+09,
					"retransmits":	0,
					"snd_cwnd":	1905568,
					"rtt":	4604,
					"omitted":	false
				}],
			"sum":	{
				"start":	100.003071,
				"end":	110.002386,
				"seconds":	9.999315,
				"bytes":	1926547920,
				"bits_per_second":	1.541344e+09,
				"retransmits":	0,
				"omitted":	false
			}
		}, {
			"streams":	[{
					"socket":	5,
					"start":	110.002386,
					"end":	120.002188,
					"seconds":	9.999802,
					"bytes":	1965937400,
					"bits_per_second":	1.572781e+09,
					"retransmits":	16,
					"snd_cwnd":	1484200,
					"rtt":	1388,
					"omitted":	false
				}],
			"sum":	{
				"start":	110.002386,
				"end":	120.002188,
				"seconds":	9.999802,
				"bytes":	1965937400,
				"bits_per_second":	1.572781e+09,
				"retransmits":	16,
				"omitted":	false
			}
		}, {
			"streams":	[{
					"socket":	5,
					"start":	120.002188,
					"end":	130.001995,
					"seconds":	9.999807,
					"bytes":	1984026408,
					"bits_per_second":	1.587252e+09,
					"retransmits":	0,
					"snd_cwnd":	1655064,
					"rtt":	1547,
					"omitted":	false
				}],
			"sum":	{
				"start":	120.002188,
				"end":	130.001995,
				"seconds":	9.999807,
				"bytes":	1984026408,
				"bits_per_second":	1.587252e+09,
				"retransmits":	0,
				"omitted":	false
			}
		}, {
			"streams":	[{
					"socket":	5,
					"start":	130.001995,
					"end":	140.000143,
					"seconds":	9.998148,
					"bytes":	1948928360,
					"bits_per_second":	1.559432e+09,
					"retransmits":	0,
					"snd_cwnd":	2418160,
					"rtt":	1311,
					"omitted":	false
				}],
			"sum":	{
				"start":	130.001995,
				"end":	140.000143,
				"seconds":	9.998148,
				"bytes":	1948928360,
				"bits_per_second":	1.559432e+09,
				"retransmits":	0,
				"omitted":	false
			}
		}, {
			"streams":	[{
					"socket":	5,
					"start":	140.000143,
					"end":	150.000605,
					"seconds":	10.000462,
					"bytes":	1956827200,
					"bits_per_second":	1.565390e+09,
					"retransmits":	0,
					"snd_cwnd":	2418160,
					"rtt":	1408,
					"omitted":	false
				}],
			"sum":	{
				"start":	140.000143,
				"end":	150.000605,
				"seconds":	10.000462,
				"bytes":	1956827200,
				"bits_per_second":	1.565390e+09,
				"retransmits":	0,
				"omitted":	false
			}
		}, {
			"streams":	[{
					"socket":	5,
					"start":	150.000605,
					"end":	160.000940,
					"seconds":	10.000335,
					"bytes":	1981720536,
					"bits_per_second":	1.585323e+09,
					"retransmits":	0,