{
	"start":	{
		"connected":	[{
				"socket":	5,
				"local_host":	"192.168.100.1",
				"local_port":	35094,
				"remote_host":	"192.168.100.2",
				"remote_port":	5201
			}],
		"version":	"iperf 3.1.4",
		"system_info":	"Linux TALON-CLIENT 4.4.71 #0 SMP Thu Jun 8 21:02:37 2017 armv7l",
		"timestamp":	{
			"time":	"Thu, 30 Nov 2017 12:09:38 GMT",
			"timesecs":	1512043778
		},
		"connecting_to":	{
			"host":	"192.168.100.2",
			"port":	5201
		},
		"cookie":	"TALON-CLIENT.1512043777.971773.7ca0c",
		"tcp_mss_default":	1448,
		"test_start":	{
			"protocol":	"TCP",
			"num_streams":	1,
			"blksize":	131072,
			"omit":	0,
			"duration":	240,
			"bytes":	0,
			"blocks":	0,
			"reverse":	0
		}
	},
	"intervals":	[{
			"streams":	[{
					"socket":	5,
					"start":	0,
					"end":	10.001220,
					"seconds":	10.001220,
					"bytes":	1950146968,
					"bits_per_second":	1.559927e+09,
					"retransmits":	0,
					"snd_cwnd":	1966384,
					"rtt":	6688,
					"omitted":	false
				}],
			"sum":	{
				"start":	0,
				"end":	10.001220,
				"seconds":	10.001220,
				"bytes":	1950146968,
				"bits_per_second":	1.559927e+09,
				"retransmits":	0,
				"omitted":	false
			}
		}, {
			"streams":	[{
					"socket":	5,
					"start":	10.001220,
					"end":	20.001501,
					"seconds":	10.000281,
					"bytes":	2177827360,
					"bits_per_second":	1.742213e+09,
					"retransmits":	19,
					"snd_cwnd":	1831720,
					"rtt":	2653,
					"omitted":	false
				}],
			"sum":	{
				"start":	10.001220,
				"end":	20.001501,
				"seconds":	10.000281,
				"bytes":	2177827360,
				"bits_per_second":	1.742213e+09,
				"retransmits":	19,
				"omitted":	false
			}
		}, {
			"streams":	[{
					"socket":	5,
					"start":	20.001501,
					"end":	30.002566,
					"seconds":	10.001065,
					"bytes":	2376286360,
					"bits_per_second":	1.900827e+09,
					"retransmits":	0,
					"snd_cwnd":	1967832,
					"rtt":	2373,
					"omitted":	false
				}],
			"sum":	{
				"start":	20.001501,
				"end":	30.002566,
				"seconds":	10.001065,
				"bytes":	2376286360,
				"bits_per_second":	1.900827e+09,
				"retransmits":	0,
				"omitted":	false
			}
		}, {
			"streams":	[{
					"socket":	5,
					"start":	30.002566,
					"end":	40.004710,
					"seconds":	10.002144,
					"bytes":	2285873360,
					"bits_per_second":	1.828307e+09,
					"retransmits":	0,
					"snd_cwnd":	1967832,
					"rtt":	2252,
					"omitted":	false
				}],
			"sum":	{
				"start":	30.002566,
				"end":	40.004710,
				"seconds":	10.002144,
				"bytes":	2285873360,
				"bits_per_second":	1.828307e+09,
				"retransmits":	0,
				"omitted":	false
			}
		}, {
			"streams":	[{
					"socket":	5,
					"start":	40.004710,
					"end":	50.002004,
					"seconds":	9.997294,
					"bytes":	2433945904,
					"bits_per_second":	1.947684e+09,
					"retransmits":	16,
					"snd_cwnd":	1610176,
					"rtt":	1400,
					"omitted":	false
				}],
			"sum":	{
				"start":	40.004710,
				"end":	50.002004,
				"seconds":	9.997294,
				"bytes":	2433945904,
				"bits_per_second":	1.947684e+09,
				"retransmits":	16,
				"omitted":	false
			}
		}, {
			"streams":	[{
					"socket":	5,
					"start":	50.002004,
					"end":	60.002130,
					"seconds":	10.000126,
					"bytes":	2105839176,
					"bits_per_second":	1.684650e+09,
					"retransmits":	0,
					"snd_cwnd":	1914256,
					"rtt":	1353,
					"omitted":	false
				}],
			"sum":	{
				"start":	50.002004,
				"end":	60.002130,
				"seconds":	10.000126,
				"bytes":	2105839176,
				"bits_per_second":	1.684650e+09,
				"retransmits":	0,
				"omitted":	false
			}
		}, {
			"streams":	[{
					"socket":	5,
					"start":	60.002130,
					"end":	70.001604,
					"seconds":	9.999474,
					"bytes":	2281707720,
					"bits_per_second":	1.825462e+09,
					"retransmits":	0,
					"snd_cwnd":	1914256,
					"rtt":	1744,
					"omitted":	false
				}],
			"sum":	{
				"start":	60.002130,
				"end":	70.001604,
				"seconds":	9.999474,
				"bytes":	2281707720,
				"bits_per_second":	1.825462e+09,
				"retransmits":	0,
				"omitted":	false
			}
		}, {
			"streams":	[{
					"socket":	5,
					"start":	70.001604,
					"end":	80.001691,
					"seconds":	10.000087,
					"bytes":	2280198480,
					"bits_per_second":	1.824143e+09,
					"retransmits":	0,
					"snd_cwnd":	1914256,
					"rtt":	1486,
					"omitted":	false
				}],
			"sum":	{
				"start":	70.001604,
				"end":	80.001691,
				"seconds":	10.000087,
				"bytes":	2280198480,
				"bits_per_second":	1.824143e+09,
				"retransmits":	0,
				"omitted":	false
			}
		}, {
			"streams":	[{
					"socket":	5,
					"start":	80.001691,
					"end":	90.001775,
					"seconds":	10.000084,
					"bytes":	2335654240,
					"bits_per_second":	1.868508e+09,
					"retransmits":	0,
					"snd_cwnd":	1914256,
					"rtt":	4815,
					"omitted":	false
				}],
			"sum":	{
				"start":	80.001691,
				"end":	90.001775,
				"seconds":	10.000084,
				"bytes":	2335654240,
				"bits_per_second":	1.868508e+09,
				"retransmits":	0,
				"omitted":	false
			}
		}, {
			"streams":	[{
					"socket":	5,
					"start":	90.001775,
					"end":	100.002673,
					"seconds":	10.000898,
					"bytes":	2291080920,
					"bits_per_second":	1.832700e+09,
					"retransmits":	0,
					"snd_cwnd":	1914256,
					"rtt":	2135,
					"omitted":	false
				}],
			"sum":	{
				"start":	90.001775,
				"end":	100.002673,
				"seconds":	10.000898,
				"bytes":	2291080920,
				"bits_per_second":	1.832700e+09,
				"retransmits":	0,
				"omitted":	false
			}
		}, {
			"streams":	[{
					"socket":	5,
					"start":	100.002673,
					"end":	110.002110,
					"seconds":	9.999437,
					"bytes":	2214829696,
					"bits_per_second":	1.771963e+09,
					"retransmits":	0,
					"snd_cwnd":	1914256,
					"rtt":	2268,
					"omitted":	false
				}],
			"sum":	{
				"start":	100.002673,
				"end":	110.002110,
				"seconds":	9.999437,
				"bytes":	2214829696,
				"bits_per_second":	1.771963e+09,
				"retransmits":	0,
				"omitted":	false
			}
		}, {
			"streams":	[{
					"socket":	5,
					"start":	110.002110,
					"end":	120.002451,
					"seconds":	10.000341,
					"bytes":	2343475680,
					"bits_per_second":	1.874717e+09,
					"retransmits":	0,
					"snd_cwnd":	1914256,
					"rtt":	1810,
					"omitted":	false
				}],
			"sum":	{
				"start":	110.002110,
				"end":	120.002451,
				"seconds":	10.000341,
				"bytes":	2343475680,
				"bits_per_second":	1.874717e+09,
				"retransmits":	0,
				"omitted":	false
			}
		}, {
			"streams":	[{
					"socket":	5,
					"start":	120.002451,
					"end":	130.001798,
					"seconds":	9.999348,
					"bytes":	2302466192,
					"bits_per_second":	1.842093e+09,
					"retransmits":	0,
					"snd_cwnd":	1914256,
					"rtt":	4072,
					"omitted":	false
				}],
			"sum":	{
				"start":	120.002451,
				"end":	130.001798,
				"seconds":	9.999348,
				"bytes":	2302466192,
				"bits_per_second":	1.842093e+09,
				"retransmits":	0,
				"omitted":	false
			}
		}, {
			"streams":	[{
					"socket":	5,
					"start":	130.001798,
					"end":	140.002033,
					"seconds":	10.000235,
					"bytes":	2078078832,
					"bits_per_second":	1.662424e+09,
					"retransmits":	0,
					"snd_cwnd":	1914256,
					"rtt":	1887,
					"omitted":	false
				}],
			"sum":	{
				"start":	130.001798,
				"end":	140.002033,
				"seconds":	10.000235,
				"bytes":	2078078832,
				"bits_per_second":	1.662424e+09,
				"retransmits":	0,
				"omitted":	false
			}
		}, {
			"streams":	[{
					"socket":	5,
					"start":	140.002033,
					"end":	150.002618,
					"seconds":	10.000586,
					"bytes":	1815305240,
					"bits_per_second":	1.452159e+09,
					"retransmits":	0,
					"snd_cwnd":	1914256,
					"rtt":	3113,
					"omitted":	false
				}],
			"sum":	{
				"start":	140.002033,
				"end":	150.002618,
				"seconds":	10.000586,
				"bytes":	1815305240,
				"bits_per_second":	1.452159e+09,
				"retransmits":	0,
				"omitted":	false
			}
		}, {
			"streams":	[{
					"socket":	5,
					"start":	150.002618,
					"end":	160.002474,
					"seconds":	9.999856,
					"bytes":	2201919360,
					"bits_per_second":	1.761561e+09,
					"retransmits":	0,