{
	"start":	{
		"connected":	[{
				"socket":	5,
				"local_host":	"192.168.100.1",
				"local_port":	35098,
				"remote_host":	"192.168.100.2",
				"remote_port":	5201
			}],
		"version":	"iperf 3.1.4",
		"system_info":	"Linux TALON-CLIENT 4.4.71 #0 SMP Thu Jun 8 21:02:37 2017 armv7l",
		"timestamp":	{
			"time":	"Thu, 30 Nov 2017 12:15:50 GMT",
			"timesecs":	1512044150
		},
		"connecting_to":	{
			"host":	"192.168.100.2",
			"port":	5201
		},
		"cookie":	"TALON-CLIENT.1512044149.846044.71444",
		"tcp_mss_default":	1448,
		"test_start":	{
			"protocol":	"TCP",
			"num_streams":	1,
			"blksize":	131072,
			"omit":	0,
			"duration":	240,
			"bytes":	0,
			"blocks":	0,
			"reverse":	0
		}
	},
	"intervals":	[{
			"streams":	[{
					"socket":	5,
					"start":	0,
					"end":	10.002493,
					"seconds":	10.002493,
					"bytes":	1568052232,
					"bits_per_second":	1.254129e+09,
					"retransmits":	0,
					"snd_cwnd":	1975072,
					"rtt":	4589,
					"omitted":	false
				}],
			"sum":	{
				"start":	0,
				"end":	10.002493,
				"seconds":	10.002493,
				"bytes":	1568052232,
				"bits_per_second":	1.254129e+09,
				"retransmits":	0,
				"omitted":	false
			}
		}, {
			"streams":	[{
					"socket":	5,
					"start":	10.002493,
					"end":	20.001775,
					"seconds":	9.999282,
					"bytes":	1794228320,
					"bits_per_second":	1.435486e+09,
					"retransmits":	0,
					"snd_cwnd":	1975072,
					"rtt":	1705,
					"omitted":	false
				}],
			"sum":	{
				"start":	10.002493,
				"end":	20.001775,
				"seconds":	9.999282,
				"bytes":	1794228320,
				"bits_per_second":	1.435486e+09,
				"retransmits":	0,
				"omitted":	false
			}
		}, {
			"streams":	[{
					"socket":	5,
					"start":	20.001775,
					"end":	30.002080,
					"seconds":	10.000305,
					"bytes":	1562356280,
					"bits_per_second":	1.249847e+09,
					"retransmits":	0,
					"snd_cwnd":	1975072,
					"rtt":	1809,
					"omitted":	false
				}],
			"sum":	{
				"start":	20.001775,
				"end":	30.002080,
				"seconds":	10.000305,
				"bytes":	1562356280,
				"bits_per_second":	1.249847e+09,
				"retransmits":	0,
				"omitted":	false
			}
		}, {
			"streams":	[{
					"socket":	5,
					"start":	30.002080,
					"end":	40.001363,
					"seconds":	9.999283,
					"bytes":	1747087640,
					"bits_per_second":	1.397770e+09,
					"retransmits":	0,
					"snd_cwnd":	1975072,
					"rtt":	1615,
					"omitted":	false
				}],
			"sum":	{
				"start":	30.002080,
				"end":	40.001363,
				"seconds":	9.999283,
				"bytes":	1747087640,
				"bits_per_second":	1.397770e+09,
				"retransmits":	0,
				"omitted":	false
			}
		}, {
			"streams":	[{
					"socket":	5,
					"start":	40.001363,
					"end":	50.001556,
					"seconds":	10.000193,
					"bytes":	1501998160,
					"bits_per_second":	1.201575e+09,
					"retransmits":	0,
					"snd_cwnd":	1975072,
					"rtt":	2626,
					"omitted":	false
				}],
			"sum":	{
				"start":	40.001363,
				"end":	50.001556,
				"seconds":	10.000193,
				"bytes":	1501998160,
				"bits_per_second":	1.201575e+09,
				"retransmits":	0,
				"omitted":	false
			}
		}, {
			"streams":	[{
					"socket":	5,
					"start":	50.001556,
					"end":	60.002621,
					"seconds":	10.001065,
					"bytes":	1528187240,
					"bits_per_second":	1.222420e+09,
					"retransmits":	0,
					"snd_cwnd":	1975072,
					"rtt":	1762,
					"omitted":	false
				}],
			"sum":	{
				"start":	50.001556,
				"end":	60.002621,
				"seconds":	10.001065,
				"bytes":	1528187240,
				"bits_per_second":	1.222420e+09,
				"retransmits":	0,
				"omitted":	false
			}
		}, {
			"streams":	[{
					"socket":	5,
					"start":	60.002621,
					"end":	70.002938,
					"seconds":	10.000317,
					"bytes":	1719562560,
					"bits_per_second":	1.375606e+09,
					"retransmits":	0,
					"snd_cwnd":	1975072,
					"rtt":	4191,
					"omitted":	false
				}],
			"sum":	{
				"start":	60.002621,
				"end":	70.002938,
				"seconds":	10.000317,
				"bytes":	1719562560,
				"bits_per_second":	1.375606e+09,
				"retransmits":	0,
				"omitted":	false
			}
		}, {
			"streams":	[{
					"socket":	5,
					"start":	70.002938,
					"end":	80.000999,
					"seconds":	9.998061,
					"bytes":	1428623040,
					"bits_per_second":	1.143120e+09,
					"retransmits":	16,
					"snd_cwnd":	1856336,
					"rtt":	1764,
					"omitted":	false
				}],
			"sum":	{
				"start":	70.002938,
				"end":	80.000999,
				"seconds":	9.998061,
				"bytes":	1428623040,
				"bits_per_second":	1.143120e+09,
				"retransmits":	16,
				"omitted":	false
			}
		}, {
			"streams":	[{
					"socket":	5,
					"start":	80.000999,
					"end":	90.002191,
					"seconds":	10.001192,
					"bytes":	1397180520,
					"bits_per_second":	1.117611e+09,
					"retransmits":	0,
					"snd_cwnd":	1959144,
					"rtt":	1634,
					"omitted":	false
				}],
			"sum":	{
				"start":	80.000999,
				"end":	90.002191,
				"seconds":	10.001192,
				"bytes":	1397180520,
				"bits_per_second":	1.117611e+09,
				"retransmits":	0,
				"omitted":	false
			}
		}, {
			"streams":	[{
					"socket":	5,
					"start":	90.002191,
					"end":	100.000711,
					"seconds":	9.998520,
					"bytes":	1332865640,
					"bits_per_second":	1.066450e+09,
					"retransmits":	0,
					"snd_cwnd":	1959144,
					"rtt":	2096,
					"omitted":	false
				}],
			"sum":	{
				"start":	90.002191,
				"end":	100.000711,
				"seconds":	9.998520,
				"bytes":	1332865640,
				"bits_per_second":	1.066450e+09,
				"retransmits":	0,
				"omitted":	false
			}
		}, {
			"streams":	[{
					"socket":	5,
					"start":	100.000711,
					"end":	110.002314,
					"seconds":	10.001603,
					"bytes":	1429853200,
					"bits_per_second":	1.143699e+09,
					"retransmits":	0,
					"snd_cwnd":	1959144,
					"rtt":	2023,
					"omitted":	false
				}],
			"sum":	{
				"start":	100.000711,
				"end":	110.002314,
				"seconds":	10.001603,
				"bytes":	1429853200,
				"bits_per_second":	1.143699e+09,
				"retransmits":	0,
				"omitted":	false
			}
		}, {
			"streams":	[{
					"socket":	5,
					"start":	110.002314,
					"end":	120.002087,
					"seconds":	9.999773,
					"bytes":	1558385120,
					"bits_per_second":	1.246736e+09,
					"retransmits":	22,
					"snd_cwnd":	1660856,
					"rtt":	4878,
					"omitted":	false
				}],
			"sum":	{
				"start":	110.002314,
				"end":	120.002087,
				"seconds":	9.999773,
				"bytes":	1558385120,
				"bits_per_second":	1.246736e+09,
				"retransmits":	22,
				"omitted":	false
			}
		}, {
			"streams":	[{
					"socket":	5,
					"start":	120.002087,
					"end":	130.002179,
					"seconds":	10.000092,
					"bytes":	1579337880,
					"bits_per_second":	1.263459e+09,
					"retransmits":	0,
					"snd_cwnd":	1799864,
					"rtt":	1434,
					"omitted":	false
				}],
			"sum":	{
				"start":	120.002087,
				"end":	130.002179,
				"seconds":	10.000092,
				"bytes":	1579337880,
				"bits_per_second":	1.263459e+09,
				"retransmits":	0,
				"omitted":	false
			}
		}, {
			"streams":	[{
					"socket":	5,
					"start":	130.002179,
					"end":	140.001159,
					"seconds":	9.998980,
					"bytes":	1448784808,
					"bits_per_second":	1.159146e+09,
					"retransmits":	0,
					"snd_cwnd":	1964936,
					"rtt":	1917,
					"omitted":	false
				}],
			"sum":	{
				"start":	130.002179,
				"end":	140.001159,
				"seconds":	9.998980,
				"bytes":	1448784808,
				"bits_per_second":	1.159146e+09,
				"retransmits":	0,
				"omitted":	false
			}
		}, {
			"streams":	[{
					"socket":	5,
					"start":	140.001159,
					"end":	150.001953,
					"seconds":	10.000793,
					"bytes":	1487277000,
					"bits_per_second":	1.189727e+09,
					"retransmits":	0,
					"snd_cwnd":	1964936,
					"rtt":	1703,
					"omitted":	false
				}],
			"sum":	{
				"start":	140.001159,
				"end":	150.001953,
				"seconds":	10.000793,
				"bytes":	1487277000,
				"bits_per_second":	1.189727e+09,
				"retransmits":	0,
				"omitted":	false
			}
		}, {
			"streams":	[{
					"socket":	5,
					"start":	150.001953,
					"end":	160.001137,
					"seconds":	9.999184,
					"bytes":	1497311640,
					"bits_per_second":	1.197947e+09,
					"retransmits":	18,