{
	"start":	{
		"connected":	[{
				"socket":	5,
				"local_host":	"192.168.100.1",
				"local_port":	35102,
				"remote_host":	"192.168.100.2",
				"remote_port":	5201
			}],
		"version":	"iperf 3.1.4",
		"system_info":	"Linux TALON-CLIENT 4.4.71 #0 SMP Thu Jun 8 21:02:37 2017 armv7l",
		"timestamp":	{
			"time":	"Thu, 30 Nov 2017 12:22:51 GMT",
			"timesecs":	1512044571
		},
		"connecting_to":	{
			"host":	"192.168.100.2",
			"port":	5201
		},
		"cookie":	"TALON-CLIENT.1512044571.666799.6c8ba",
		"tcp_mss_default":	1448,
		"test_start":	{
			"protocol":	"TCP",
			"num_streams":	1,
			"blksize":	131072,
			"omit":	0,
			"duration":	240,
			"bytes":	0,
			"blocks":	0,
			"reverse":	0
		}
	},
	"intervals":	[{
			"streams":	[{
					"socket":	5,
					"start":	0,
					"end":	10.001208,
					"seconds":	10.001207,
					"bytes":	1929138544,
					"bits_per_second":	1.543125e+09,
					"retransmits":	0,
					"snd_cwnd":	1960592,
					"rtt":	10233,
					"omitted":	false
				}],
			"sum":	{
				"start":	0,
				"end":	10.001208,
				"seconds":	10.001207,
				"bytes":	1929138544,
				"bits_per_second":	1.543125e+09,
				"retransmits":	0,
				"omitted":	false
			}
		}, {
			"streams":	[{
					"socket":	5,
					"start":	10.001208,
					"end":	20.002692,
					"seconds":	10.001484,
					"bytes":	1959386600,
					"bits_per_second":	1.567277e+09,
					"retransmits":	0,
					"snd_cwnd":	1960592,
					"rtt":	1754,
					"omitted":	false
				}],
			"sum":	{
				"start":	10.001208,
				"end":	20.002692,
				"seconds":	10.001484,
				"bytes":	1959386600,
				"bits_per_second":	1.567277e+09,
				"retransmits":	0,
				"omitted":	false
			}
		}, {
			"streams":	[{
					"socket":	5,
					"start":	20.002692,
					"end":	30.002188,
					"seconds":	9.999496,
					"bytes":	1954198720,
					"bits_per_second":	1.563438e+09,
					"retransmits":	0,
					"snd_cwnd":	1960592,
					"rtt":	2392,
					"omitted":	false
				}],
			"sum":	{
				"start":	20.002692,
				"end":	30.002188,
				"seconds":	9.999496,
				"bytes":	1954198720,
				"bits_per_second":	1.563438e+09,
				"retransmits":	0,
				"omitted":	false
			}
		}, {
			"streams":	[{
					"socket":	5,
					"start":	30.002188,
					"end":	40.000670,
					"seconds":	9.998482,
					"bytes":	1926638192,
					"bits_per_second":	1.541545e+09,
					"retransmits":	0,
					"snd_cwnd":	1960592,
					"rtt":	1594,
					"omitted":	false
				}],
			"sum":	{
				"start":	30.002188,
				"end":	40.000670,
				"seconds":	9.998482,
				"bytes":	1926638192,
				"bits_per_second":	1.541545e+09,
				"retransmits":	0,
				"omitted":	false
			}
		}, {
			"streams":	[{
					"socket":	5,
					"start":	40.000670,
					"end":	50.001102,
					"seconds":	10.000432,
					"bytes":	1896473056,
					"bits_per_second":	1.517113e+09,
					"retransmits":	0,
					"snd_cwnd":	1960592,
					"rtt":	1462,
					"omitted":	false
				}],
			"sum":	{
				"start":	40.000670,
				"end":	50.001102,
				"seconds":	10.000432,
				"bytes":	1896473056,
				"bits_per_second":	1.517113e+09,
				"retransmits":	0,
				"omitted":	false
			}
		}, {
			"streams":	[{
					"socket":	5,
					"start":	50.001102,
					"end":	60.002069,
					"seconds":	10.000967,
					"bytes":	1930687400,
					"bits_per_second":	1.544401e+09,
					"retransmits":	0,
					"snd_cwnd":	1960592,
					"rtt":	2260,
					"omitted":	false
				}],
			"sum":	{
				"start":	50.001102,
				"end":	60.002069,
				"seconds":	10.000967,
				"bytes":	1930687400,
				"bits_per_second":	1.544401e+09,
				"retransmits":	0,
				"omitted":	false
			}
		}, {
			"streams":	[{
					"socket":	5,
					"start":	60.002069,
					"end":	70.001496,
					"seconds":	9.999427,
					"bytes":	1939851880,
					"bits_per_second":	1.551970e+09,
					"retransmits":	0,
					"snd_cwnd":	1960592,
					"rtt":	1585,
					"omitted":	false
				}],
			"sum":	{
				"start":	60.002069,
				"end":	70.001496,
				"seconds":	9.999427,
				"bytes":	1939851880,
				"bits_per_second":	1.551970e+09,
				"retransmits":	0,
				"omitted":	false
			}
		}, {
			"streams":	[{
					"socket":	5,
					"start":	70.001496,
					"end":	80.003498,
					"seconds":	10.002002,
					"bytes":	1950266720,
					"bits_per_second":	1.559901e+09,
					"retransmits":	0,
					"snd_cwnd":	1960592,
					"rtt":	1701,
					"omitted":	false
				}],
			"sum":	{
				"start":	70.001496,
				"end":	80.003498,
				"seconds":	10.002002,
				"bytes":	1950266720,
				"bits_per_second":	1.559901e+09,
				"retransmits":	0,
				"omitted":	false
			}
		}, {
			"streams":	[{
					"socket":	5,
					"start":	80.003498,
					"end":	90.002372,
					"seconds":	9.998875,
					"bytes":	1924105320,
					"bits_per_second":	1.539457e+09,
					"retransmits":	0,
					"snd_cwnd":	1960592,
					"rtt":	2188,
					"omitted":	false
				}],
			"sum":	{
				"start":	80.003498,
				"end":	90.002372,
				"seconds":	9.998875,
				"bytes":	1924105320,
				"bits_per_second":	1.539457e+09,
				"retransmits":	0,
				"omitted":	false
			}
		}, {
			"streams":	[{
					"socket":	5,
					"start":	90.002372,
					"end":	100.001321,
					"seconds":	9.998949,
					"bytes":	1901633160,
					"bits_per_second":	1.521466e+09,
					"retransmits":	0,
					"snd_cwnd":	1960592,
					"rtt":	1415,
					"omitted":	false
				}],
			"sum":	{
				"start":	90.002372,
				"end":	100.001321,
				"seconds":	9.998949,
				"bytes":	1901633160,
				"bits_per_second":	1.521466e+09,
				"retransmits":	0,
				"omitted":	false
			}
		}, {
			"streams":	[{
					"socket":	5,
					"start":	100.001321,
					"end":	110.000669,
					"seconds":	9.999348,
					"bytes":	1937245472,
					"bits_per_second":	1.549897e+09,
					"retransmits":	5,
					"snd_cwnd":	1372704,
					"rtt":	1550,
					"omitted":	false
				}],
			"sum":	{
				"start":	100.001321,
				"end":	110.000669,
				"seconds":	9.999348,
				"bytes":	1937245472,
				"bits_per_second":	1.549897e+09,
				"retransmits":	5,
				"omitted":	false
			}
		}, {
			"streams":	[{
					"socket":	5,
					"start":	110.000669,
					"end":	120.000888,
					"seconds":	10.000219,
					"bytes":	1906891216,
					"bits_per_second":	1.525480e+09,
					"retransmits":	16,
					"snd_cwnd":	1427728,
					"rtt":	1522,
					"omitted":	false
				}],
			"sum":	{
				"start":	110.000669,
				"end":	120.000888,
				"seconds":	10.000219,
				"bytes":	1906891216,
				"bits_per_second":	1.525480e+09,
				"retransmits":	16,
				"omitted":	false
			}
		}, {
			"streams":	[{
					"socket":	5,
					"start":	120.000888,
					"end":	130.001978,
					"seconds":	10.001090,
					"bytes":	1934033272,
					"bits_per_second":	1.547058e+09,
					"retransmits":	0,
					"snd_cwnd":	1882400,
					"rtt":	1452,
					"omitted":	false
				}],
			"sum":	{
				"start":	120.000888,
				"end":	130.001978,
				"seconds":	10.001090,
				"bytes":	1934033272,
				"bits_per_second":	1.547058e+09,
				"retransmits":	0,
				"omitted":	false
			}
		}, {
			"streams":	[{
					"socket":	5,
					"start":	130.001978,
					"end":	140.003455,
					"seconds":	10.001477,
					"bytes":	1969958920,
					"bits_per_second":	1.575734e+09,
					"retransmits":	8,
					"snd_cwnd":	1791176,
					"rtt":	1453,
					"omitted":	false
				}],
			"sum":	{
				"start":	130.001978,
				"end":	140.003455,
				"seconds":	10.001477,
				"bytes":	1969958920,
				"bits_per_second":	1.575734e+09,
				"retransmits":	8,
				"omitted":	false
			}
		}, {
			"streams":	[{
					"socket":	5,
					"start":	140.003455,
					"end":	150.002295,
					"seconds":	9.998840,
					"bytes":	1963398800,
					"bits_per_second":	1.570901e+09,
					"retransmits":	0,
					"snd_cwnd":	1927288,
					"rtt":	4361,
					"omitted":	false
				}],
			"sum":	{
				"start":	140.003455,
				"end":	150.002295,
				"seconds":	9.998840,
				"bytes":	1963398800,
				"bits_per_second":	1.570901e+09,
				"retransmits":	0,
				"omitted":	false
			}
		}, {
			"streams":	[{
					"socket":	5,
					"start":	150.002295,
					"end":	160.002287,
					"seconds":	9.999992,
					"bytes":	1754971680,
					"bits_per_second":	1.403978e+09,
					"retransmits":	0,