{
	"start":	{
		"connected":	[{
				"socket":	5,
				"local_host":	"192.168.100.1",
				"local_port":	39634,
				"remote_host":	"192.168.100.2",
				"remote_port":	5201
			}],
		"version":	"iperf 3.1.4",
		"system_info":	"Linux TALON-CLIENT 4.4.71 #0 SMP Thu Jun 8 21:02:37 2017 armv7l",
		"timestamp":	{
			"time":	"Thu, 30 Nov 2017 12:35:40 GMT",
			"timesecs":	1512045340
		},
		"connecting_to":	{
			"host":	"192.168.100.2",
			"port":	5201
		},
		"cookie":	"TALON-CLIENT.1512045339.991359.34ce5",
		"tcp_mss_default":	1448,
		"test_start":	{
			"protocol":	"TCP",
			"num_streams":	1,
			"blksize":	131072,
			"omit":	0,
			"duration":	240,
			"bytes":	0,
			"blocks":	0,
			"reverse":	0
		}
	},
	"intervals":	[{
			"streams":	[{
					"socket":	5,
					"start":	0,
					"end":	10.002271,
					"seconds":	10.002272,
					"bytes":	1934887376,
					"bits_per_second":	1.547558e+09,
					"retransmits":	0,
					"snd_cwnd":	1953352,
					"rtt":	1629,
					"omitted":	false
				}],
			"sum":	{
				"start":	0,
				"end":	10.002271,
				"seconds":	10.002272,
				"bytes":	1934887376,
				"bits_per_second":	1.547558e+09,
				"retransmits":	0,
				"omitted":	false
			}
		}, {
			"streams":	[{
					"socket":	5,
					"start":	10.002271,
					"end":	20.000780,
					"seconds":	9.998508,
					"bytes":	1768054200,
					"bits_per_second":	1.414654e+09,
					"retransmits":	0,
					"snd_cwnd":	1953352,
					"rtt":	1644,
					"omitted":	false
				}],
			"sum":	{
				"start":	10.002271,
				"end":	20.000780,
				"seconds":	9.998508,
				"bytes":	1768054200,
				"bits_per_second":	1.414654e+09,
				"retransmits":	0,
				"omitted":	false
			}
		}, {
			"streams":	[{
					"socket":	5,
					"start":	20.000780,
					"end":	30.000981,
					"seconds":	10.000201,
					"bytes":	1763357160,
					"bits_per_second":	1.410657e+09,
					"retransmits":	0,
					"snd_cwnd":	1953352,
					"rtt":	1407,
					"omitted":	false
				}],
			"sum":	{
				"start":	20.000780,
				"end":	30.000981,
				"seconds":	10.000201,
				"bytes":	1763357160,
				"bits_per_second":	1.410657e+09,
				"retransmits":	0,
				"omitted":	false
			}
		}, {
			"streams":	[{
					"socket":	5,
					"start":	30.000981,
					"end":	40.001826,
					"seconds":	10.000845,
					"bytes":	1823174760,
					"bits_per_second":	1.458417e+09,
					"retransmits":	0,
					"snd_cwnd":	1953352,
					"rtt":	1694,
					"omitted":	false
				}],
			"sum":	{
				"start":	30.000981,
				"end":	40.001826,
				"seconds":	10.000845,
				"bytes":	1823174760,
				"bits_per_second":	1.458417e+09,
				"retransmits":	0,
				"omitted":	false
			}
		}, {
			"streams":	[{
					"socket":	5,
					"start":	40.001826,
					"end":	50.001812,
					"seconds":	9.999987,
					"bytes":	1883035960,
					"bits_per_second":	1.506431e+09,
					"retransmits":	16,
					"snd_cwnd":	1911360,
					"rtt":	1481,
					"omitted":	false
				}],
			"sum":	{
				"start":	40.001826,
				"end":	50.001812,
				"seconds":	9.999987,
				"bytes":	1883035960,
				"bits_per_second":	1.506431e+09,
				"retransmits":	16,
				"omitted":	false
			}
		}, {
			"streams":	[{
					"socket":	5,
					"start":	50.001812,
					"end":	60.002318,
					"seconds":	10.000505,
					"bytes":	1824284520,
					"bits_per_second":	1.459354e+09,
					"retransmits":	0,
					"snd_cwnd":	1911360,
					"rtt":	2461,
					"omitted":	false
				}],
			"sum":	{
				"start":	50.001812,
				"end":	60.002318,
				"seconds":	10.000505,
				"bytes":	1824284520,
				"bits_per_second":	1.459354e+09,
				"retransmits":	0,
				"omitted":	false
			}
		}, {
			"streams":	[{
					"socket":	5,
					"start":	60.002318,
					"end":	70.001872,
					"seconds":	9.999554,
					"bytes":	1971024840,
					"bits_per_second":	1.576890e+09,
					"retransmits":	0,
					"snd_cwnd":	1911360,
					"rtt":	2213,
					"omitted":	false
				}],
			"sum":	{
				"start":	60.002318,
				"end":	70.001872,
				"seconds":	9.999554,
				"bytes":	1971024840,
				"bits_per_second":	1.576890e+09,
				"retransmits":	0,
				"omitted":	false
			}
		}, {
			"streams":	[{
					"socket":	5,
					"start":	70.001872,
					"end":	80.002055,
					"seconds":	10.000183,
					"bytes":	2250319920,
					"bits_per_second":	1.800223e+09,
					"retransmits":	0,
					"snd_cwnd":	1911360,
					"rtt":	4759,
					"omitted":	false
				}],
			"sum":	{
				"start":	70.001872,
				"end":	80.002055,
				"seconds":	10.000183,
				"bytes":	2250319920,
				"bits_per_second":	1.800223e+09,
				"retransmits":	0,
				"omitted":	false
			}
		}, {
			"streams":	[{
					"socket":	5,
					"start":	80.002055,
					"end":	90.001744,
					"seconds":	9.999689,
					"bytes":	2232644048,
					"bits_per_second":	1.786171e+09,
					"retransmits":	0,
					"snd_cwnd":	1911360,
					"rtt":	5918,
					"omitted":	false
				}],
			"sum":	{
				"start":	80.002055,
				"end":	90.001744,
				"seconds":	9.999689,
				"bytes":	2232644048,
				"bits_per_second":	1.786171e+09,
				"retransmits":	0,
				"omitted":	false
			}
		}, {
			"streams":	[{
					"socket":	5,
					"start":	90.001744,
					"end":	100.002669,
					"seconds":	10.000925,
					"bytes":	2271158584,
					"bits_per_second":	1.816759e+09,
					"retransmits":	0,
					"snd_cwnd":	1911360,
					"rtt":	3429,
					"omitted":	false
				}],
			"sum":	{
				"start":	90.001744,
				"end":	100.002669,
				"seconds":	10.000925,
				"bytes":	2271158584,
				"bits_per_second":	1.816759e+09,
				"retransmits":	0,
				"omitted":	false
			}
		}, {
			"streams":	[{
					"socket":	5,
					"start":	100.002669,
					"end":	110.000560,
					"seconds":	9.997890,
					"bytes":	2131160640,
					"bits_per_second":	1.705288e+09,
					"retransmits":	0,
					"snd_cwnd":	1911360,
					"rtt":	5578,
					"omitted":	false
				}],
			"sum":	{
				"start":	100.002669,
				"end":	110.000560,
				"seconds":	9.997890,
				"bytes":	2131160640,
				"bits_per_second":	1.705288e+09,
				"retransmits":	0,
				"omitted":	false
			}
		}, {
			"streams":	[{
					"socket":	5,
					"start":	110.000560,
					"end":	120.001673,
					"seconds":	10.001113,
					"bytes":	2192338400,
					"bits_per_second":	1.753676e+09,
					"retransmits":	0,
					"snd_cwnd":	1911360,
					"rtt":	1334,
					"omitted":	false
				}],
			"sum":	{
				"start":	110.000560,
				"end":	120.001673,
				"seconds":	10.001113,
				"bytes":	2192338400,
				"bits_per_second":	1.753676e+09,
				"retransmits":	0,
				"omitted":	false
			}
		}, {
			"streams":	[{
					"socket":	5,
					"start":	120.001673,
					"end":	130.002160,
					"seconds":	10.000486,
					"bytes":	2260784664,
					"bits_per_second":	1.808540e+09,
					"retransmits":	0,
					"snd_cwnd":	1911360,
					"rtt":	5842,
					"omitted":	false
				}],
			"sum":	{
				"start":	120.001673,
				"end":	130.002160,
				"seconds":	10.000486,
				"bytes":	2260784664,
				"bits_per_second":	1.808540e+09,
				"retransmits":	0,
				"omitted":	false
			}
		}, {
			"streams":	[{
					"socket":	5,
					"start":	130.002160,
					"end":	140.001275,
					"seconds":	9.999115,
					"bytes":	1982925360,
					"bits_per_second":	1.586481e+09,
					"retransmits":	0,
					"snd_cwnd":	1911360,
					"rtt":	1648,
					"omitted":	false
				}],
			"sum":	{
				"start":	130.002160,
				"end":	140.001275,
				"seconds":	9.999115,
				"bytes":	1982925360,
				"bits_per_second":	1.586481e+09,
				"retransmits":	0,
				"omitted":	false
			}
		}, {
			"streams":	[{
					"socket":	5,
					"start":	140.001275,
					"end":	150.000332,
					"seconds":	9.999057,
					"bytes":	2137776080,
					"bits_per_second":	1.710382e+09,
					"retransmits":	0,
					"snd_cwnd":	1911360,
					"rtt":	1621,
					"omitted":	false
				}],
			"sum":	{
				"start":	140.001275,
				"end":	150.000332,
				"seconds":	9.999057,
				"bytes":	2137776080,
				"bits_per_second":	1.710382e+09,
				"retransmits":	0,
				"omitted":	false
			}
		}, {
			"streams":	[{
					"socket":	5,
					"start":	150.000332,
					"end":	160.002894,
					"seconds":	10.002562,
					"bytes":	2162636128,
					"bits_per_second":	1.729666e+09,
					"retransmits":	0,