{
	"start":	{
		"connected":	[{
				"socket":	5,
				"local_host":	"192.168.100.1",
				"local_port":	39638,
				"remote_host":	"192.168.100.2",
				"remote_port":	5201
			}],
		"version":	"iperf 3.1.4",
		"system_info":	"Linux TALON-CLIENT 4.4.71 #0 SMP Thu Jun 8 21:02:37 2017 armv7l",
		"timestamp":	{
			"time":	"Thu, 30 Nov 2017 12:40:37 GMT",
			"timesecs":	1512045637
		},
		"connecting_to":	{
			"host":	"192.168.100.2",
			"port":	5201
		},
		"cookie":	"TALON-CLIENT.1512045637.353851.05d46",
		"tcp_mss_default":	1448,
		"test_start":	{
			"protocol":	"TCP",
			"num_streams":	1,
			"blksize":	131072,
			"omit":	0,
			"duration":	240,
			"bytes":	0,
			"blocks":	0,
			"reverse":	0
		}
	},
	"intervals":	[{
			"streams":	[{
					"socket":	5,
					"start":	0,
					"end":	10.001272,
					"seconds":	10.001272,
					"bytes":	1674194976,
					"bits_per_second":	1.339186e+09,
					"retransmits":	45,
					"snd_cwnd":	1928736,
					"rtt":	1995,
					"omitted":	false
				}],
			"sum":	{
				"start":	0,
				"end":	10.001272,
				"seconds":	10.001272,
				"bytes":	1674194976,
				"bits_per_second":	1.339186e+09,
				"retransmits":	45,
				"omitted":	false
			}
		}, {
			"streams":	[{
					"socket":	5,
					"start":	10.001272,
					"end":	20.002613,
					"seconds":	10.001341,
					"bytes":	1588535640,
					"bits_per_second":	1.270658e+09,
					"retransmits":	0,
					"snd_cwnd":	1928736,
					"rtt":	3039,
					"omitted":	false
				}],
			"sum":	{
				"start":	10.001272,
				"end":	20.002613,
				"seconds":	10.001341,
				"bytes":	1588535640,
				"bits_per_second":	1.270658e+09,
				"retransmits":	0,
				"omitted":	false
			}
		}, {
			"streams":	[{
					"socket":	5,
					"start":	20.002613,
					"end":	30.003640,
					"seconds":	10.001027,
					"bytes":	1178092800,
					"bits_per_second":	942377447.730178,
					"retransmits":	0,
					"snd_cwnd":	1928736,
					"rtt":	3105,
					"omitted":	false
				}],
			"sum":	{
				"start":	20.002613,
				"end":	30.003640,
				"seconds":	10.001027,
				"bytes":	1178092800,
				"bits_per_second":	942377447.730178,
				"retransmits":	0,
				"omitted":	false
			}
		}, {
			"streams":	[{
					"socket":	5,
					"start":	30.003640,
					"end":	40.001623,
					"seconds":	9.997983,
					"bytes":	1177701840,
					"bits_per_second":	942351546.302714,
					"retransmits":	0,
					"snd_cwnd":	1928736,
					"rtt":	2177,
					"omitted":	false
				}],
			"sum":	{
				"start":	30.003640,
				"end":	40.001623,
				"seconds":	9.997983,
				"bytes":	1177701840,
				"bits_per_second":	942351546.302714,
				"retransmits":	0,
				"omitted":	false
			}
		}, {
			"streams":	[{
					"socket":	5,
					"start":	40.001623,
					"end":	50.002543,
					"seconds":	10.000920,
					"bytes":	1323770840,
					"bits_per_second":	1.058919e+09,
					"retransmits":	0,
					"snd_cwnd":	1928736,
					"rtt":	2017,
					"omitted":	false
				}],
			"sum":	{
				"start":	40.001623,
				"end":	50.002543,
				"seconds":	10.000920,
				"bytes":	1323770840,
				"bits_per_second":	1.058919e+09,
				"retransmits":	0,
				"omitted":	false
			}
		}, {
			"streams":	[{
					"socket":	5,
					"start":	50.002543,
					"end":	60.001269,
					"seconds":	9.998726,
					"bytes":	1805095552,
					"bits_per_second":	1.444260e+09,
					"retransmits":	0,
					"snd_cwnd":	1928736,
					"rtt":	6402,
					"omitted":	false
				}],
			"sum":	{
				"start":	50.002543,
				"end":	60.001269,
				"seconds":	9.998726,
				"bytes":	1805095552,
				"bits_per_second":	1.444260e+09,
				"retransmits":	0,
				"omitted":	false
			}
		}, {
			"streams":	[{
					"socket":	5,
					"start":	60.001269,
					"end":	70.001348,
					"seconds":	10.000079,
					"bytes":	1806235200,
					"bits_per_second":	1.444977e+09,
					"retransmits":	0,
					"snd_cwnd":	1928736,
					"rtt":	1696,
					"omitted":	false
				}],
			"sum":	{
				"start":	60.001269,
				"end":	70.001348,
				"seconds":	10.000079,
				"bytes":	1806235200,
				"bits_per_second":	1.444977e+09,
				"retransmits":	0,
				"omitted":	false
			}
		}, {
			"streams":	[{
					"socket":	5,
					"start":	70.001348,
					"end":	80.001196,
					"seconds":	9.999847,
					"bytes":	1535104440,
					"bits_per_second":	1.228102e+09,
					"retransmits":	0,
					"snd_cwnd":	1928736,
					"rtt":	2851,
					"omitted":	false
				}],
			"sum":	{
				"start":	70.001348,
				"end":	80.001196,
				"seconds":	9.999847,
				"bytes":	1535104440,
				"bits_per_second":	1.228102e+09,
				"retransmits":	0,
				"omitted":	false
			}
		}, {
			"streams":	[{
					"socket":	5,
					"start":	80.001196,
					"end":	90.003063,
					"seconds":	10.001867,
					"bytes":	1620920160,
					"bits_per_second":	1.296494e+09,
					"retransmits":	0,
					"snd_cwnd":	1928736,
					"rtt":	2255,
					"omitted":	false
				}],
			"sum":	{
				"start":	80.001196,
				"end":	90.003063,
				"seconds":	10.001867,
				"bytes":	1620920160,
				"bits_per_second":	1.296494e+09,
				"retransmits":	0,
				"omitted":	false
			}
		}, {
			"streams":	[{
					"socket":	5,
					"start":	90.003063,
					"end":	100.001920,
					"seconds":	9.998857,
					"bytes":	1569899880,
					"bits_per_second":	1.256063e+09,
					"retransmits":	0,
					"snd_cwnd":	1928736,
					"rtt":	1369,
					"omitted":	false
				}],
			"sum":	{
				"start":	90.003063,
				"end":	100.001920,
				"seconds":	9.998857,
				"bytes":	1569899880,
				"bits_per_second":	1.256063e+09,
				"retransmits":	0,
				"omitted":	false
			}
		}, {
			"streams":	[{
					"socket":	5,
					"start":	100.001920,
					"end":	110.001433,
					"seconds":	9.999513,
					"bytes":	1797764400,
					"bits_per_second":	1.438282e+09,
					"retransmits":	0,
					"snd_cwnd":	1928736,
					"rtt":	1884,
					"omitted":	false
				}],
			"sum":	{
				"start":	100.001920,
				"end":	110.001433,
				"seconds":	9.999513,
				"bytes":	1797764400,
				"bits_per_second":	1.438282e+09,
				"retransmits":	0,
				"omitted":	false
			}
		}, {
			"streams":	[{
					"socket":	5,
					"start":	110.001433,
					"end":	120.002931,
					"seconds":	10.001498,
					"bytes":	1414037160,
					"bits_per_second":	1.131060e+09,
					"retransmits":	16,
					"snd_cwnd":	1595696,
					"rtt":	1654,
					"omitted":	false
				}],
			"sum":	{
				"start":	110.001433,
				"end":	120.002931,
				"seconds":	10.001498,
				"bytes":	1414037160,
				"bits_per_second":	1.131060e+09,
				"retransmits":	16,
				"omitted":	false
			}
		}, {
			"streams":	[{
					"socket":	5,
					"start":	120.002931,
					"end":	130.002274,
					"seconds":	9.999343,
					"bytes":	1594986480,
					"bits_per_second":	1.276073e+09,
					"retransmits":	0,
					"snd_cwnd":	1714432,
					"rtt":	1284,
					"omitted":	false
				}],
			"sum":	{
				"start":	120.002931,
				"end":	130.002274,
				"seconds":	9.999343,
				"bytes":	1594986480,
				"bits_per_second":	1.276073e+09,
				"retransmits":	0,
				"omitted":	false
			}
		}, {
			"streams":	[{
					"socket":	5,
					"start":	130.002274,
					"end":	140.001355,
					"seconds":	9.999081,
					"bytes":	1661254200,
					"bits_per_second":	1.329126e+09,
					"retransmits":	39,
					"snd_cwnd":	1739048,
					"rtt":	2127,
					"omitted":	false
				}],
			"sum":	{
				"start":	130.002274,
				"end":	140.001355,
				"seconds":	9.999081,
				"bytes":	1661254200,
				"bits_per_second":	1.329126e+09,
				"retransmits":	39,
				"omitted":	false
			}
		}, {
			"streams":	[{
					"socket":	5,
					"start":	140.001355,
					"end":	150.001285,
					"seconds":	9.999930,
					"bytes":	1584646240,
					"bits_per_second":	1.267726e+09,
					"retransmits":	0,
					"snd_cwnd":	1882400,
					"rtt":	1711,
					"omitted":	false
				}],
			"sum":	{
				"start":	140.001355,
				"end":	150.001285,
				"seconds":	9.999930,
				"bytes":	1584646240,
				"bits_per_second":	1.267726e+09,
				"retransmits":	0,
				"omitted":	false
			}
		}, {
			"streams":	[{
					"socket":	5,
					"start":	150.001285,
					"end":	160.001599,
					"seconds":	10.000314,
					"bytes":	1725916680,
					"bits_per_second":	1.380690e+09,