{
	"start":	{
		"connected":	[{
				"socket":	5,
				"local_host":	"192.168.100.1",
				"local_port":	39650,
				"remote_host":	"192.168.100.2",
				"remote_port":	5201
			}],
		"version":	"iperf 3.1.4",
		"system_info":	"Linux TALON-CLIENT 4.4.71 #0 SMP Thu Jun 8 21:02:37 2017 armv7l",
		"timestamp":	{
			"time":	"Thu, 30 Nov 2017 12:59:12 GMT",
			"timesecs":	1512046752
		},
		"connecting_to":	{
			"host":	"192.168.100.2",
			"port":	5201
		},
		"cookie":	"TALON-CLIENT.1512046752.751682.70413",
		"tcp_mss_default":	1448,
		"test_start":	{
			"protocol":	"TCP",
			"num_streams":	1,
			"blksize":	131072,
			"omit":	0,
			"duration":	240,
			"bytes":	0,
			"blocks":	0,
			"reverse":	0
		}
	},
	"intervals":	[{
			"streams":	[{
					"socket":	5,
					"start":	0,
					"end":	10.001989,
					"seconds":	10.001989,
					"bytes":	1175369112,
					"bits_per_second":	940108267.786931,
					"retransmits":	39,
					"snd_cwnd":	1382840,
					"rtt":	2323,
					"omitted":	false
				}],
			"sum":	{
				"start":	0,
				"end":	10.001989,
				"seconds":	10.001989,
				"bytes":	1175369112,
				"bits_per_second":	940108267.786931,
				"retransmits":	39,
				"omitted":	false
			}
		}, {
			"streams":	[{
					"socket":	5,
					"start":	10.001989,
					"end":	20.003113,
					"seconds":	10.001123,
					"bytes":	1086586880,
					"bits_per_second":	869171858.769742,
					"retransmits":	0,
					"snd_cwnd":	1931632,
					"rtt":	3307,
					"omitted":	false
				}],
			"sum":	{
				"start":	10.001989,
				"end":	20.003113,
				"seconds":	10.001123,
				"bytes":	1086586880,
				"bits_per_second":	869171858.769742,
				"retransmits":	0,
				"omitted":	false
			}
		}, {
			"streams":	[{
					"socket":	5,
					"start":	20.003113,
					"end":	30.002377,
					"seconds":	9.999264,
					"bytes":	970905280,
					"bits_per_second":	776781413.488527,
					"retransmits":	0,
					"snd_cwnd":	1931632,
					"rtt":	2528,
					"omitted":	false
				}],
			"sum":	{
				"start":	20.003113,
				"end":	30.002377,
				"seconds":	9.999264,
				"bytes":	970905280,
				"bits_per_second":	776781413.488527,
				"retransmits":	0,
				"omitted":	false
			}
		}, {
			"streams":	[{
					"socket":	5,
					"start":	30.002377,
					"end":	40.003317,
					"seconds":	10.000940,
					"bytes":	1141511040,
					"bits_per_second":	913122968.958371,
					"retransmits":	0,
					"snd_cwnd":	1931632,
					"rtt":	2285,
					"omitted":	false
				}],
			"sum":	{
				"start":	30.002377,
				"end":	40.003317,
				"seconds":	10.000940,
				"bytes":	1141511040,
				"bits_per_second":	913122968.958371,
				"retransmits":	0,
				"omitted":	false
			}
		}, {
			"streams":	[{
					"socket":	5,
					"start":	40.003317,
					"end":	50.000789,
					"seconds":	9.997472,
					"bytes":	1202163840,
					"bits_per_second":	961974277.433796,
					"retransmits":	0,
					"snd_cwnd":	1931632,
					"rtt":	3006,
					"omitted":	false
				}],
			"sum":	{
				"start":	40.003317,
				"end":	50.000789,
				"seconds":	9.997472,
				"bytes":	1202163840,
				"bits_per_second":	961974277.433796,
				"retransmits":	0,
				"omitted":	false
			}
		}, {
			"streams":	[{
					"socket":	5,
					"start":	50.000789,
					"end":	60.002155,
					"seconds":	10.001366,
					"bytes":	1112729960,
					"bits_per_second":	890062415.591865,
					"retransmits":	0,
					"snd_cwnd":	1931632,
					"rtt":	2789,
					"omitted":	false
				}],
			"sum":	{
				"start":	50.000789,
				"end":	60.002155,
				"seconds":	10.001366,
				"bytes":	1112729960,
				"bits_per_second":	890062415.591865,
				"retransmits":	0,
				"omitted":	false
			}
		}, {
			"streams":	[{
					"socket":	5,
					"start":	60.002155,
					"end":	70.002790,
					"seconds":	10.000635,
					"bytes":	1146793400,
					"bits_per_second":	917376453.101104,
					"retransmits":	0,
					"snd_cwnd":	1931632,
					"rtt":	3134,
					"omitted":	false
				}],
			"sum":	{
				"start":	60.002155,
				"end":	70.002790,
				"seconds":	10.000635,
				"bytes":	1146793400,
				"bits_per_second":	917376453.101104,
				"retransmits":	0,
				"omitted":	false
			}
		}, {
			"streams":	[{
					"socket":	5,
					"start":	70.002790,
					"end":	80.002418,
					"seconds":	9.999628,
					"bytes":	1163331440,
					"bits_per_second":	930699767.794128,
					"retransmits":	1,
					"snd_cwnd":	1608728,
					"rtt":	2729,
					"omitted":	false
				}],
			"sum":	{
				"start":	70.002790,
				"end":	80.002418,
				"seconds":	9.999628,
				"bytes":	1163331440,
				"bits_per_second":	930699767.794128,
				"retransmits":	1,
				"omitted":	false
			}
		}, {
			"streams":	[{
					"socket":	5,
					"start":	80.002418,
					"end":	90.001740,
					"seconds":	9.999322,
					"bytes":	1126681560,
					"bits_per_second":	901406368.980105,
					"retransmits":	0,
					"snd_cwnd":	1794072,
					"rtt":	2403,
					"omitted":	false
				}],
			"sum":	{
				"start":	80.002418,
				"end":	90.001740,
				"seconds":	9.999322,
				"bytes":	1126681560,
				"bits_per_second":	901406368.980105,
				"retransmits":	0,
				"omitted":	false
			}
		}, {
			"streams":	[{
					"socket":	5,
					"start":	90.001740,
					"end":	100.002485,
					"seconds":	10.000745,
					"bytes":	1262149200,
					"bits_per_second":	1.009644e+09,
					"retransmits":	16,
					"snd_cwnd":	1815792,
					"rtt":	2512,
					"omitted":	false
				}],
			"sum":	{
				"start":	90.001740,
				"end":	100.002485,
				"seconds":	10.000745,
				"bytes":	1262149200,
				"bits_per_second":	1.009644e+09,
				"retransmits":	16,
				"omitted":	false
			}
		}, {
			"streams":	[{
					"socket":	5,
					"start":	100.002485,
					"end":	110.001891,
					"seconds":	9.999406,
					"bytes":	1067972400,
					"bits_per_second":	854428684.948914,
					"retransmits":	0,
					"snd_cwnd":	2043128,
					"rtt":	3029,
					"omitted":	false
				}],
			"sum":	{
				"start":	100.002485,
				"end":	110.001891,
				"seconds":	9.999406,
				"bytes":	1067972400,
				"bits_per_second":	854428684.948914,
				"retransmits":	0,
				"omitted":	false
			}
		}, {
			"streams":	[{
					"socket":	5,
					"start":	110.001891,
					"end":	120.002263,
					"seconds":	10.000372,
					"bytes":	1175290920,
					"bits_per_second":	940197766.943956,
					"retransmits":	0,
					"snd_cwnd":	2043128,
					"rtt":	3101,
					"omitted":	false
				}],
			"sum":	{
				"start":	110.001891,
				"end":	120.002263,
				"seconds":	10.000372,
				"bytes":	1175290920,
				"bits_per_second":	940197766.943956,
				"retransmits":	0,
				"omitted":	false
			}
		}, {
			"streams":	[{
					"socket":	5,
					"start":	120.002263,
					"end":	130.002230,
					"seconds":	9.999968,
					"bytes":	1306743760,
					"bits_per_second":	1.045398e+09,
					"retransmits":	8,
					"snd_cwnd":	1429176,
					"rtt":	1992,
					"omitted":	false
				}],
			"sum":	{
				"start":	120.002263,
				"end":	130.002230,
				"seconds":	9.999968,
				"bytes":	1306743760,
				"bits_per_second":	1.045398e+09,
				"retransmits":	8,
				"omitted":	false
			}
		}, {
			"streams":	[{
					"socket":	5,
					"start":	130.002230,
					"end":	140.002194,
					"seconds":	9.999964,
					"bytes":	1069315640,
					"bits_per_second":	855455612.138975,
					"retransmits":	0,
					"snd_cwnd":	1736152,
					"rtt":	2704,
					"omitted":	false
				}],
			"sum":	{
				"start":	130.002230,
				"end":	140.002194,
				"seconds":	9.999964,
				"bytes":	1069315640,
				"bits_per_second":	855455612.138975,
				"retransmits":	0,
				"omitted":	false
			}
		}, {
			"streams":	[{
					"socket":	5,
					"start":	140.002194,
					"end":	150.001489,
					"seconds":	9.999295,
					"bytes":	1104201360,
					"bits_per_second":	883423348.613883,
					"retransmits":	0,
					"snd_cwnd":	2172000,
					"rtt":	6207,
					"omitted":	false
				}],
			"sum":	{
				"start":	140.002194,
				"end":	150.001489,
				"seconds":	9.999295,
				"bytes":	1104201360,
				"bits_per_second":	883423348.613883,
				"retransmits":	0,
				"omitted":	false
			}
		}, {
			"streams":	[{
					"socket":	5,
					"start":	150.001489,
					"end":	160.002300,