{
	"start":	{
		"connected":	[{
				"socket":	5,
				"local_host":	"192.168.100.1",
				"local_port":	39658,
				"remote_host":	"192.168.100.2",
				"remote_port":	5201
			}],
		"version":	"iperf 3.1.4",
		"system_info":	"Linux TALON-CLIENT 4.4.71 #0 SMP Thu Jun 8 21:02:37 2017 armv7l",
		"timestamp":	{
			"time":	"Thu, 30 Nov 2017 13:14:18 GMT",
			"timesecs":	1512047658
		},
		"connecting_to":	{
			"host":	"192.168.100.2",
			"port":	5201
		},
		"cookie":	"TALON-CLIENT.1512047657.968636.63c51",
		"tcp_mss_default":	1448,
		"test_start":	{
			"protocol":	"TCP",
			"num_streams":	1,
			"blksize":	131072,
			"omit":	0,
			"duration":	240,
			"bytes":	0,
			"blocks":	0,
			"reverse":	0
		}
	},
	"intervals":	[{
			"streams":	[{
					"socket":	5,
					"start":	0,
					"end":	10.002014,
					"seconds":	10.002014,
					"bytes":	974515856,
					"bits_per_second":	779455689.940576,
					"retransmits":	0,
					"snd_cwnd":	1840408,
					"rtt":	2180,
					"omitted":	false
				}],
			"sum":	{
				"start":	0,
				"end":	10.002014,
				"seconds":	10.002014,
				"bytes":	974515856,
				"bits_per_second":	779455689.940576,
				"retransmits":	0,
				"omitted":	false
			}
		}, {
			"streams":	[{
					"socket":	5,
					"start":	10.002014,
					"end":	20.002711,
					"seconds":	10.000697,
					"bytes":	909279320,
					"bits_per_second":	727372748.232613,
					"retransmits":	0,
					"snd_cwnd":	1840408,
					"rtt":	2263,
					"omitted":	false
				}],
			"sum":	{
				"start":	10.002014,
				"end":	20.002711,
				"seconds":	10.000697,
				"bytes":	909279320,
				"bits_per_second":	727372748.232613,
				"retransmits":	0,
				"omitted":	false
			}
		}, {
			"streams":	[{
					"socket":	5,
					"start":	20.002711,
					"end":	30.001082,
					"seconds":	9.998371,
					"bytes":	860177160,
					"bits_per_second":	688253835.997120,
					"retransmits":	0,
					"snd_cwnd":	2762784,
					"rtt":	4570,
					"omitted":	false
				}],
			"sum":	{
				"start":	20.002711,
				"end":	30.001082,
				"seconds":	9.998371,
				"bytes":	860177160,
				"bits_per_second":	688253835.997120,
				"retransmits":	0,
				"omitted":	false
			}
		}, {
			"streams":	[{
					"socket":	5,
					"start":	30.001082,
					"end":	40.001866,
					"seconds":	10.000784,
					"bytes":	908195160,
					"bits_per_second":	726499176.255646,
					"retransmits":	0,
					"snd_cwnd":	2762784,
					"rtt":	7788,
					"omitted":	false
				}],
			"sum":	{
				"start":	30.001082,
				"end":	40.001866,
				"seconds":	10.000784,
				"bytes":	908195160,
				"bits_per_second":	726499176.255646,
				"retransmits":	0,
				"omitted":	false
			}
		}, {
			"streams":	[{
					"socket":	5,
					"start":	40.001866,
					"end":	50.001747,
					"seconds":	9.999881,
					"bytes":	994476840,
					"bits_per_second":	795590956.183266,
					"retransmits":	0,
					"snd_cwnd":	2762784,
					"rtt":	3219,
					"omitted":	false
				}],
			"sum":	{
				"start":	40.001866,
				"end":	50.001747,
				"seconds":	9.999881,
				"bytes":	994476840,
				"bits_per_second":	795590956.183266,
				"retransmits":	0,
				"omitted":	false
			}
		}, {
			"streams":	[{
					"socket":	5,
					"start":	50.001747,
					"end":	60.002936,
					"seconds":	10.001189,
					"bytes":	838754600,
					"bits_per_second":	670923891.592406,
					"retransmits":	0,
					"snd_cwnd":	2762784,
					"rtt":	3642,
					"omitted":	false
				}],
			"sum":	{
				"start":	50.001747,
				"end":	60.002936,
				"seconds":	10.001189,
				"bytes":	838754600,
				"bits_per_second":	670923891.592406,
				"retransmits":	0,
				"omitted":	false
			}
		}, {
			"streams":	[{
					"socket":	5,
					"start":	60.002936,
					"end":	70.002324,
					"seconds":	9.999388,
					"bytes":	866287120,
					"bits_per_second":	693072129.958763,
					"retransmits":	0,
					"snd_cwnd":	2762784,
					"rtt":	2190,
					"omitted":	false
				}],
			"sum":	{
				"start":	60.002936,
				"end":	70.002324,
				"seconds":	9.999388,
				"bytes":	866287120,
				"bits_per_second":	693072129.958763,
				"retransmits":	0,
				"omitted":	false
			}
		}, {
			"streams":	[{
					"socket":	5,
					"start":	70.002324,
					"end":	80.001950,
					"seconds":	9.999626,
					"bytes":	937782720,
					"bits_per_second":	750254223.528803,
					"retransmits":	0,
					"snd_cwnd":	2762784,
					"rtt":	2825,
					"omitted":	false
				}],
			"sum":	{
				"start":	70.002324,
				"end":	80.001950,
				"seconds":	9.999626,
				"bytes":	937782720,
				"bits_per_second":	750254223.528803,
				"retransmits":	0,
				"omitted":	false
			}
		}, {
			"streams":	[{
					"socket":	5,
					"start":	80.001950,
					"end":	90.001059,
					"seconds":	9.999109,
					"bytes":	791659120,
					"bits_per_second":	633383713.502252,
					"retransmits":	0,
					"snd_cwnd":	2762784,
					"rtt":	1861,
					"omitted":	false
				}],
			"sum":	{
				"start":	80.001950,
				"end":	90.001059,
				"seconds":	9.999109,
				"bytes":	791659120,
				"bits_per_second":	633383713.502252,
				"retransmits":	0,
				"omitted":	false
			}
		}, {
			"streams":	[{
					"socket":	5,
					"start":	90.001059,
					"end":	100.002587,
					"seconds":	10.001528,
					"bytes":	854477960,
					"bits_per_second":	683477947.178679,
					"retransmits":	0,
					"snd_cwnd":	2762784,
					"rtt":	1949,
					"omitted":	false
				}],
			"sum":	{
				"start":	90.001059,
				"end":	100.002587,
				"seconds":	10.001528,
				"bytes":	854477960,
				"bits_per_second":	683477947.178679,
				"retransmits":	0,
				"omitted":	false
			}
		}, {
			"streams":	[{
					"socket":	5,
					"start":	100.002587,
					"end":	110.001915,
					"seconds":	9.999328,
					"bytes":	783027720,
					"bits_per_second":	626464295.725083,
					"retransmits":	0,
					"snd_cwnd":	2762784,
					"rtt":	3705,
					"omitted":	false
				}],
			"sum":	{
				"start":	100.002587,
				"end":	110.001915,
				"seconds":	9.999328,
				"bytes":	783027720,
				"bits_per_second":	626464295.725083,
				"retransmits":	0,
				"omitted":	false
			}
		}, {
			"streams":	[{
					"socket":	5,
					"start":	110.001915,
					"end":	120.000839,
					"seconds":	9.998924,
					"bytes":	844147800,
					"bits_per_second":	675390894.812751,
					"retransmits":	3,
					"snd_cwnd":	1933080,
					"rtt":	3414,
					"omitted":	false
				}],
			"sum":	{
				"start":	110.001915,
				"end":	120.000839,
				"seconds":	9.998924,
				"bytes":	844147800,
				"bits_per_second":	675390894.812751,
				"retransmits":	3,
				"omitted":	false
			}
		}, {
			"streams":	[{
					"socket":	5,
					"start":	120.000839,
					"end":	130.001255,
					"seconds":	10.000416,
					"bytes":	882657360,
					"bits_per_second":	706096528.364993,
					"retransmits":	0,
					"snd_cwnd":	1933080,
					"rtt":	2110,
					"omitted":	false
				}],
			"sum":	{
				"start":	120.000839,
				"end":	130.001255,
				"seconds":	10.000416,
				"bytes":	882657360,
				"bits_per_second":	706096528.364993,
				"retransmits":	0,
				"omitted":	false
			}
		}, {
			"streams":	[{
					"socket":	5,
					"start":	130.001255,
					"end":	140.002042,
					"seconds":	10.000787,
					"bytes":	929219560,
					"bits_per_second":	743317165.194625,
					"retransmits":	0,
					"snd_cwnd":	1933080,
					"rtt":	2798,
					"omitted":	false
				}],
			"sum":	{
				"start":	130.001255,
				"end":	140.002042,
				"seconds":	10.000787,
				"bytes":	929219560,
				"bits_per_second":	743317165.194625,
				"retransmits":	0,
				"omitted":	false
			}
		}, {
			"streams":	[{
					"socket":	5,
					"start":	140.002042,
					"end":	150.004989,
					"seconds":	10.002947,
					"bytes":	984274080,
					"bits_per_second":	787187291.426671,
					"retransmits":	0,
					"snd_cwnd":	1933080,
					"rtt":	2488,
					"omitted":	false
				}],
			"sum":	{
				"start":	140.002042,
				"end":	150.004989,
				"seconds":	10.002947,
				"bytes":	984274080,
				"bits_per_second":	787187291.426671,
				"retransmits":	0,
				"omitted":	false
			}
		}, {
			"streams":	[{
					"socket":	5,
					"start":	150.004989,
					"end":	160.001668,
					"seconds":	9.996679,